video_title,channel_uploader,author,publish_date,updated_date,like_count,text_display,url
Dr. Phil Makes The Case For Why Trump Is Not A 'Bully' At Madison Square Garden Campaign Rally,Forbes Breaking News,@laurenshannon2703,2024-10-31T05:40:21Z,2024-10-31T05:40:21Z,0,This thread of messages shows what it looks like without bots. What a joy!,https://www.youtube.com/watch?v=BtfMoZ9s8Sc
Dr. Phil Makes The Case For Why Trump Is Not A 'Bully' At Madison Square Garden Campaign Rally,Forbes Breaking News,@Benjemil23,2024-10-31T05:40:13Z,2024-10-31T05:40:13Z,0,So is Dr . Phil a Nazi now too according to MSM. üò≠,https://www.youtube.com/watch?v=BtfMoZ9s8Sc
Dr. Phil Makes The Case For Why Trump Is Not A 'Bully' At Madison Square Garden Campaign Rally,Forbes Breaking News,@chutraiheo,2024-10-31T05:37:19Z,2024-10-31T05:37:19Z,0,"Thank you Dr Phil. Meanwhile, Trump easily climbs into the gabagge truck at 78. MAGA!",https://www.youtube.com/watch?v=BtfMoZ9s8Sc
Dr. Phil Makes The Case For Why Trump Is Not A 'Bully' At Madison Square Garden Campaign Rally,Forbes Breaking News,@zhangd1000,2024-10-31T05:36:24Z,2024-10-31T05:36:24Z,0,Love Robin‚ù§,https://www.youtube.com/watch?v=BtfMoZ9s8Sc
Dr. Phil Makes The Case For Why Trump Is Not A 'Bully' At Madison Square Garden Campaign Rally,Forbes Breaking News,@faithisindemand,2024-10-31T05:36:15Z,2024-10-31T05:36:15Z,0,Is Kamala wins we are screwed she‚Äôs evil and tyrannical if Kamala wins the election‚Äôs rigged.,https://www.youtube.com/watch?v=BtfMoZ9s8Sc
Dr. Phil Makes The Case For Why Trump Is Not A 'Bully' At Madison Square Garden Campaign Rally,Forbes Breaking News,@sharonwittmayer1221,2024-10-31T05:35:53Z,2024-10-31T05:35:53Z,0,GREAT MESSAGE! ‚ù§üôåüèªüá∫üá∏,https://www.youtube.com/watch?v=BtfMoZ9s8Sc
Dr. Phil Makes The Case For Why Trump Is Not A 'Bully' At Madison Square Garden Campaign Rally,Forbes Breaking News,@TroyJones-z1c,2024-10-31T05:34:27Z,2024-10-31T05:34:27Z,0,"this man should run for president next! <a href=""http://www.youtube.com/results?search_query=%23drphil2028"">#drphil2028</a>",https://www.youtube.com/watch?v=BtfMoZ9s8Sc
Dr. Phil Makes The Case For Why Trump Is Not A 'Bully' At Madison Square Garden Campaign Rally,Forbes Breaking News,@zhangd1000,2024-10-31T05:33:10Z,2024-10-31T05:33:10Z,0,Love Dr. Phil‚ù§,https://www.youtube.com/watch?v=BtfMoZ9s8Sc
Dr. Phil Makes The Case For Why Trump Is Not A 'Bully' At Madison Square Garden Campaign Rally,Forbes Breaking News,@gabriellejudd1,2024-10-31T05:32:56Z,2024-10-31T05:32:56Z,0,"Another Grifter,  he is another one full of B.S.üòÖüòÖüòÖüòÖ",https://www.youtube.com/watch?v=BtfMoZ9s8Sc
Dr. Phil Makes The Case For Why Trump Is Not A 'Bully' At Madison Square Garden Campaign Rally,Forbes Breaking News,@tyleralexander5404,2024-10-31T05:32:34Z,2024-10-31T05:32:34Z,0,thank you adam ray,https://www.youtube.com/watch?v=BtfMoZ9s8Sc
Dr. Phil Makes The Case For Why Trump Is Not A 'Bully' At Madison Square Garden Campaign Rally,Forbes Breaking News,@eatyourcereal2155,2024-10-31T05:30:46Z,2024-10-31T05:30:46Z,0,What&#39;s adam ray doing at a trump rally?,https://www.youtube.com/watch?v=BtfMoZ9s8Sc
Dr. Phil Makes The Case For Why Trump Is Not A 'Bully' At Madison Square Garden Campaign Rally,Forbes Breaking News,@Paul-w9i5j,2024-10-31T05:30:23Z,2024-10-31T05:30:23Z,0,Thank you dr Phil. Blessings my bro,https://www.youtube.com/watch?v=BtfMoZ9s8Sc
Dr. Phil Makes The Case For Why Trump Is Not A 'Bully' At Madison Square Garden Campaign Rally,Forbes Breaking News,@alinenache1770,2024-10-31T05:30:05Z,2024-10-31T05:30:05Z,0,I hope USA under #47 Trump will not become a bystander and watch as Putin bullies Ukraine! Love from Romania!! Go Trump!,https://www.youtube.com/watch?v=BtfMoZ9s8Sc
Dr. Phil Makes The Case For Why Trump Is Not A 'Bully' At Madison Square Garden Campaign Rally,Forbes Breaking News,@samuelblackk6106,2024-10-31T05:29:11Z,2024-10-31T05:29:11Z,0,He has a &#39;Professor&#39; aura...,https://www.youtube.com/watch?v=BtfMoZ9s8Sc
Dr. Phil Makes The Case For Why Trump Is Not A 'Bully' At Madison Square Garden Campaign Rally,Forbes Breaking News,@JoshWalters-xp9oc,2024-10-31T05:23:06Z,2024-10-31T05:23:06Z,0,is this adam ray?,https://www.youtube.com/watch?v=BtfMoZ9s8Sc
Dr. Phil Makes The Case For Why Trump Is Not A 'Bully' At Madison Square Garden Campaign Rally,Forbes Breaking News,@sandrawatson927,2024-10-31T05:22:52Z,2024-10-31T05:22:52Z,0,Love love LOVE THIS!! ‚ù§Ô∏è,https://www.youtube.com/watch?v=BtfMoZ9s8Sc
Dr. Phil Makes The Case For Why Trump Is Not A 'Bully' At Madison Square Garden Campaign Rally,Forbes Breaking News,@PeacewithGrace26,2024-10-31T05:18:29Z,2024-10-31T05:18:29Z,0,üá∫üá∏‚ù§<br>United!,https://www.youtube.com/watch?v=BtfMoZ9s8Sc
Dr. Phil Makes The Case For Why Trump Is Not A 'Bully' At Madison Square Garden Campaign Rally,Forbes Breaking News,@radiantmessenger3369,2024-10-31T05:16:37Z,2024-10-31T05:16:37Z,0,Democrats are screwed now!!! Trump got Dr Phil! ‚ô•Ô∏èüá∫üá∏,https://www.youtube.com/watch?v=BtfMoZ9s8Sc
Dr. Phil Makes The Case For Why Trump Is Not A 'Bully' At Madison Square Garden Campaign Rally,Forbes Breaking News,@sandydayoc9421,2024-10-31T05:15:14Z,2024-10-31T05:15:14Z,0,Wow love you Dr Phil love your words,https://www.youtube.com/watch?v=BtfMoZ9s8Sc
Dr. Phil Makes The Case For Why Trump Is Not A 'Bully' At Madison Square Garden Campaign Rally,Forbes Breaking News,@fasteddy9505,2024-10-31T05:14:16Z,2024-10-31T05:14:16Z,0,Hey &quot;Dr.&quot; Phil. Why didnt you call out 9/11 for what it was. A false flag operation that was engineered to drag us into a meaningless war against an opponent who did absolutely nothing to deserve it. But boy didn&#39;t we all feel all powerful and important while 100&#39;s of thousands of innocents were slaughtered. For nothing,https://www.youtube.com/watch?v=BtfMoZ9s8Sc
Dr. Phil Makes The Case For Why Trump Is Not A 'Bully' At Madison Square Garden Campaign Rally,Forbes Breaking News,@jeremycarpenter5550,2024-10-31T05:13:48Z,2024-10-31T05:13:48Z,0,Phil   talking about the view .,https://www.youtube.com/watch?v=BtfMoZ9s8Sc
Dr. Phil Makes The Case For Why Trump Is Not A 'Bully' At Madison Square Garden Campaign Rally,Forbes Breaking News,@sandydayoc9421,2024-10-31T05:13:27Z,2024-10-31T05:13:27Z,0,God bless you Dr Phil thank you Trump for president pray we get Donald Trump instead of Kamala Harris oh my gosh Kamala Harris,https://www.youtube.com/watch?v=BtfMoZ9s8Sc
Dr. Phil Makes The Case For Why Trump Is Not A 'Bully' At Madison Square Garden Campaign Rally,Forbes Breaking News,@willwilliam,2024-10-31T05:12:16Z,2024-10-31T05:12:16Z,0,"There was no political content just a person with credentials saying what needs be be said , that no party could object to",https://www.youtube.com/watch?v=BtfMoZ9s8Sc
Dr. Phil Makes The Case For Why Trump Is Not A 'Bully' At Madison Square Garden Campaign Rally,Forbes Breaking News,@serbannicolau3489,2024-10-31T05:11:34Z,2024-10-31T05:11:34Z,0,"Adam Ray endorses Donald Trump, so Donald Trump is not a bully.",https://www.youtube.com/watch?v=BtfMoZ9s8Sc
Dr. Phil Makes The Case For Why Trump Is Not A 'Bully' At Madison Square Garden Campaign Rally,Forbes Breaking News,@lonedisciple1047,2024-10-31T05:10:12Z,2024-10-31T05:10:12Z,0,Common sense,https://www.youtube.com/watch?v=BtfMoZ9s8Sc
Dr. Phil Makes The Case For Why Trump Is Not A 'Bully' At Madison Square Garden Campaign Rally,Forbes Breaking News,@switchbladekid57,2024-10-31T05:09:40Z,2024-10-31T05:09:40Z,0,"Dr. Phil lost his license to practice after he openly violated professional ethics. And while he did earn a doctorate, he is not and never has been a medical doctor.",https://www.youtube.com/watch?v=BtfMoZ9s8Sc
Dr. Phil Makes The Case For Why Trump Is Not A 'Bully' At Madison Square Garden Campaign Rally,Forbes Breaking News,@chatinawarner9380,2024-10-31T05:08:13Z,2024-10-31T05:08:13Z,0,"Cause he speaks truth and takes no nonsense, is unafraid, does not make him a bully.   He is bold and fearless, hates ignorance.",https://www.youtube.com/watch?v=BtfMoZ9s8Sc
Dr. Phil Makes The Case For Why Trump Is Not A 'Bully' At Madison Square Garden Campaign Rally,Forbes Breaking News,@chatinawarner9380,2024-10-31T05:05:43Z,2024-10-31T05:05:43Z,0,"Marison Square Gardens in New York.  Unbelievable.  Was amazing.  The unity, the diversity.  We need more of this once more.  Trump will help us be this way again.  He has gone through hell and back and is more popular than  ever. He must be doing some things right for the &quot;people&quot;.  True, many support secretly, afraid of backlash from others.  Thank God our vote is &quot;private&quot;.",https://www.youtube.com/watch?v=BtfMoZ9s8Sc
Dr. Phil Makes The Case For Why Trump Is Not A 'Bully' At Madison Square Garden Campaign Rally,Forbes Breaking News,@KimMonroe-i9b,2024-10-31T05:02:47Z,2024-10-31T05:02:47Z,0,"Finally!!! He came out for the conservative party! Thank you, Robin for encouraging him to do that",https://www.youtube.com/watch?v=BtfMoZ9s8Sc
Dr. Phil Makes The Case For Why Trump Is Not A 'Bully' At Madison Square Garden Campaign Rally,Forbes Breaking News,@StephanieMcCracken,2024-10-31T05:02:21Z,2024-10-31T05:02:21Z,0,Brilliant. For Trump. Best of America,https://www.youtube.com/watch?v=BtfMoZ9s8Sc
Dr. Phil Makes The Case For Why Trump Is Not A 'Bully' At Madison Square Garden Campaign Rally,Forbes Breaking News,@matthewjackson893,2024-10-31T05:01:51Z,2024-10-31T05:01:51Z,1,Yes,https://www.youtube.com/watch?v=BtfMoZ9s8Sc
Dr. Phil Makes The Case For Why Trump Is Not A 'Bully' At Madison Square Garden Campaign Rally,Forbes Breaking News,@min-ru8236,2024-10-31T04:59:36Z,2024-10-31T04:59:36Z,0,"Dr Phil what a speech, not just for the Americans but for people around the world. I am an Australian. Thank you Dr Phil.üá¶üá∫üá¶üá∫üá¶üá∫",https://www.youtube.com/watch?v=BtfMoZ9s8Sc
Dr. Phil Makes The Case For Why Trump Is Not A 'Bully' At Madison Square Garden Campaign Rally,Forbes Breaking News,@AltairKennedy,2024-10-31T04:59:17Z,2024-10-31T04:59:17Z,0,Wow. So proud of Dr. Phil.,https://www.youtube.com/watch?v=BtfMoZ9s8Sc
Dr. Phil Makes The Case For Why Trump Is Not A 'Bully' At Madison Square Garden Campaign Rally,Forbes Breaking News,@moa5670,2024-10-31T04:56:38Z,2024-10-31T04:56:38Z,0,Dr. Phil is so wisdom and I think he is right. ‚ù§‚ù§‚ù§‚ù§‚ù§,https://www.youtube.com/watch?v=BtfMoZ9s8Sc
Dr. Phil Makes The Case For Why Trump Is Not A 'Bully' At Madison Square Garden Campaign Rally,Forbes Breaking News,@zorbaroonie6967,2024-10-31T04:55:28Z,2024-10-31T04:55:28Z,0,"But we all know that Dr Phil is a bullshitter, he mas made a career doing it.",https://www.youtube.com/watch?v=BtfMoZ9s8Sc
Dr. Phil Makes The Case For Why Trump Is Not A 'Bully' At Madison Square Garden Campaign Rally,Forbes Breaking News,@Serina4521,2024-10-31T04:53:58Z,2024-10-31T04:53:58Z,0,üíØ true.  Great job Dr. Phil,https://www.youtube.com/watch?v=BtfMoZ9s8Sc
Dr. Phil Makes The Case For Why Trump Is Not A 'Bully' At Madison Square Garden Campaign Rally,Forbes Breaking News,@lukedreamer9838,2024-10-31T04:51:16Z,2024-10-31T04:53:47Z,2,Kamala Harris should be put in jail for abusing her power as vice president,https://www.youtube.com/watch?v=BtfMoZ9s8Sc
Dr. Phil Makes The Case For Why Trump Is Not A 'Bully' At Madison Square Garden Campaign Rally,Forbes Breaking News,@akenedy,2024-10-31T04:50:17Z,2024-10-31T04:54:06Z,0,"Wondering how much Trump paid Dr. Phil to go up to the podium for him...sorry, I meant pulpit...no, no, no...sorry again, I meant soapbox.",https://www.youtube.com/watch?v=BtfMoZ9s8Sc
Dr. Phil Makes The Case For Why Trump Is Not A 'Bully' At Madison Square Garden Campaign Rally,Forbes Breaking News,@tommyhooks7767,2024-10-31T04:50:02Z,2024-10-31T04:50:02Z,1,"Thank you Dr. Phil ! My faith in your work is restored ! God Bless you, and Robin !",https://www.youtube.com/watch?v=BtfMoZ9s8Sc
Dr. Phil Makes The Case For Why Trump Is Not A 'Bully' At Madison Square Garden Campaign Rally,Forbes Breaking News,@robertdouglas7101,2024-10-31T04:48:47Z,2024-10-31T04:48:47Z,1,Go get em Phil,https://www.youtube.com/watch?v=BtfMoZ9s8Sc
Dr. Phil Makes The Case For Why Trump Is Not A 'Bully' At Madison Square Garden Campaign Rally,Forbes Breaking News,@Bootune,2024-10-31T04:47:24Z,2024-10-31T04:47:24Z,0,"Ok, he lost his medical licence to practice clinical psychology in 2006 tho... It was due to professional misconduct and ethics violations, so he&#39;s not a doctor anymore.",https://www.youtube.com/watch?v=BtfMoZ9s8Sc
Dr. Phil Makes The Case For Why Trump Is Not A 'Bully' At Madison Square Garden Campaign Rally,Forbes Breaking News,@Dangit420,2024-10-31T04:47:06Z,2024-10-31T04:47:06Z,0,are we still pretending that private corporations haven&#39;t disemboweled our entire democratic process? both sides feel like benign distractions from impending war/continued support of two foreign proxy wars. i bet it&#39;ll be more likely for us to see things like Pfizer decals on private military equipment than any sort of meaningful change of this country&#39;s ruling powers in our lifetime.,https://www.youtube.com/watch?v=BtfMoZ9s8Sc
Dr. Phil Makes The Case For Why Trump Is Not A 'Bully' At Madison Square Garden Campaign Rally,Forbes Breaking News,@jimoncken6936,2024-10-31T04:46:11Z,2024-10-31T04:46:11Z,1,"Hey FBN - all former presidents have the title &quot;President&quot;. He&#39;s President Trump, not &quot;Former President Trump&quot;. Same holds for President Obama, President Clinton, et al.",https://www.youtube.com/watch?v=BtfMoZ9s8Sc
Dr. Phil Makes The Case For Why Trump Is Not A 'Bully' At Madison Square Garden Campaign Rally,Forbes Breaking News,@monicajay2406,2024-10-31T04:43:31Z,2024-10-31T04:43:31Z,0,Dr. Phil has drank the Kool-Aid too.  üò¢,https://www.youtube.com/watch?v=BtfMoZ9s8Sc
Dr. Phil Makes The Case For Why Trump Is Not A 'Bully' At Madison Square Garden Campaign Rally,Forbes Breaking News,@kristin9953,2024-10-31T04:42:46Z,2024-10-31T04:42:46Z,1,AMEN!!! üôèüèª,https://www.youtube.com/watch?v=BtfMoZ9s8Sc
Dr. Phil Makes The Case For Why Trump Is Not A 'Bully' At Madison Square Garden Campaign Rally,Forbes Breaking News,@faveladarbunch8738,2024-10-31T04:38:58Z,2024-10-31T04:38:58Z,1,Go Dr Phil!!! üéâ,https://www.youtube.com/watch?v=BtfMoZ9s8Sc
Dr. Phil Makes The Case For Why Trump Is Not A 'Bully' At Madison Square Garden Campaign Rally,Forbes Breaking News,@JerseyFoxx,2024-10-31T04:38:57Z,2024-10-31T04:38:57Z,0,Give &quot;He&#39;s doing side quests&quot; a beer ü§£,https://www.youtube.com/watch?v=BtfMoZ9s8Sc
Dr. Phil Makes The Case For Why Trump Is Not A 'Bully' At Madison Square Garden Campaign Rally,Forbes Breaking News,@tommyhooks7767,2024-10-31T04:37:39Z,2024-10-31T04:37:39Z,0,"How did I miss Dr. Phil at Madison Square Garden ? I watched President Trump speak, but somehow I missed hearing Dr Phil . I am happy to get to hear Dr Phil on this video !",https://www.youtube.com/watch?v=BtfMoZ9s8Sc
Dr. Phil Makes The Case For Why Trump Is Not A 'Bully' At Madison Square Garden Campaign Rally,Forbes Breaking News,@benglendapretorius3854,2024-10-31T04:35:33Z,2024-10-31T04:35:33Z,1,Right on the money as usual üëå üíØ,https://www.youtube.com/watch?v=BtfMoZ9s8Sc
Dr. Phil Makes The Case For Why Trump Is Not A 'Bully' At Madison Square Garden Campaign Rally,Forbes Breaking News,@GavinsMarineMom,2024-10-31T04:35:05Z,2024-10-31T04:35:05Z,1,I bet his good pal Oprah ain&#39;t likin&#39; this one little bit!üòÇ,https://www.youtube.com/watch?v=BtfMoZ9s8Sc
Dr. Phil Makes The Case For Why Trump Is Not A 'Bully' At Madison Square Garden Campaign Rally,Forbes Breaking News,@patriciawillis4643,2024-10-31T04:33:02Z,2024-10-31T04:33:02Z,0,Dr Phil is a fraud<br>He can&#39;t see the bullying done by Trump because of the $$ in his eyes,https://www.youtube.com/watch?v=BtfMoZ9s8Sc
Dr. Phil Makes The Case For Why Trump Is Not A 'Bully' At Madison Square Garden Campaign Rally,Forbes Breaking News,@ChillWill-q5x,2024-10-31T04:30:57Z,2024-10-31T04:30:57Z,0,Defending  yourself vigorously against people who attack you first is not being a bully.,https://www.youtube.com/watch?v=BtfMoZ9s8Sc
Dr. Phil Makes The Case For Why Trump Is Not A 'Bully' At Madison Square Garden Campaign Rally,Forbes Breaking News,@DanielSaleeba,2024-10-31T04:30:35Z,2024-10-31T04:30:35Z,1,Trump. 2024,https://www.youtube.com/watch?v=BtfMoZ9s8Sc
Dr. Phil Makes The Case For Why Trump Is Not A 'Bully' At Madison Square Garden Campaign Rally,Forbes Breaking News,@triggerhappydad65,2024-10-31T04:29:39Z,2024-10-31T04:29:39Z,0,"I disagree with the boycott comment.<br>Not exactly fair/honest. <br><br>We boycotted the hell out of Bud Light.<br><br> HARD!<br><br>And I&#39;m still doing it, so I say, let&#39;m boycott all they want.<br><br>Who cares?",https://www.youtube.com/watch?v=BtfMoZ9s8Sc
Dr. Phil Makes The Case For Why Trump Is Not A 'Bully' At Madison Square Garden Campaign Rally,Forbes Breaking News,@jimmieclark4638,2024-10-31T04:23:25Z,2024-10-31T04:23:25Z,0,Biden called us all trash,https://www.youtube.com/watch?v=BtfMoZ9s8Sc
Dr. Phil Makes The Case For Why Trump Is Not A 'Bully' At Madison Square Garden Campaign Rally,Forbes Breaking News,@TondaDearth,2024-10-31T04:23:00Z,2024-10-31T04:23:00Z,1,AMEN!,https://www.youtube.com/watch?v=BtfMoZ9s8Sc
Dr. Phil Makes The Case For Why Trump Is Not A 'Bully' At Madison Square Garden Campaign Rally,Forbes Breaking News,@jimmieclark4638,2024-10-31T04:22:48Z,2024-10-31T04:22:48Z,0,Vote S T U,https://www.youtube.com/watch?v=BtfMoZ9s8Sc
Dr. Phil Makes The Case For Why Trump Is Not A 'Bully' At Madison Square Garden Campaign Rally,Forbes Breaking News,@friggenbozo4495,2024-10-31T04:21:46Z,2024-10-31T04:21:46Z,0,problem is dr phil is a bully :),https://www.youtube.com/watch?v=BtfMoZ9s8Sc
Dr. Phil Makes The Case For Why Trump Is Not A 'Bully' At Madison Square Garden Campaign Rally,Forbes Breaking News,@Phynomeagle,2024-10-31T04:20:49Z,2024-10-31T04:20:49Z,0,Is he on a green screen?,https://www.youtube.com/watch?v=BtfMoZ9s8Sc
Dr. Phil Makes The Case For Why Trump Is Not A 'Bully' At Madison Square Garden Campaign Rally,Forbes Breaking News,@Jenniferkraus-sz3nq,2024-10-31T04:18:33Z,2024-10-31T04:18:33Z,0,O Dr.Phil I thought you were such an intelligent man but support this man?  Noüò™<br>I,https://www.youtube.com/watch?v=BtfMoZ9s8Sc
Dr. Phil Makes The Case For Why Trump Is Not A 'Bully' At Madison Square Garden Campaign Rally,Forbes Breaking News,@Marcellarsson51,2024-10-31T04:15:58Z,2024-10-31T04:15:58Z,0,"Dr Phil disgusts me, always knew he was a good old boy, but didn‚Äôt think he was a racist hater. Thank you, Dr. Phil for setting me Straight.",https://www.youtube.com/watch?v=BtfMoZ9s8Sc
Dr. Phil Makes The Case For Why Trump Is Not A 'Bully' At Madison Square Garden Campaign Rally,Forbes Breaking News,@tiwanaaunese229,2024-10-31T04:15:35Z,2024-10-31T04:15:35Z,1,üôè‚ô•Ô∏è‚ô•Ô∏è‚ô•Ô∏è,https://www.youtube.com/watch?v=BtfMoZ9s8Sc
Dr. Phil Makes The Case For Why Trump Is Not A 'Bully' At Madison Square Garden Campaign Rally,Forbes Breaking News,@desbell7431,2024-10-31T04:15:22Z,2024-10-31T04:15:22Z,0,Vote and keep it to yourself if necessary.,https://www.youtube.com/watch?v=BtfMoZ9s8Sc
Dr. Phil Makes The Case For Why Trump Is Not A 'Bully' At Madison Square Garden Campaign Rally,Forbes Breaking News,@catherinemotycka861,2024-10-31T04:14:16Z,2024-10-31T04:14:16Z,0,Cancel culture?? Let&#39;s talk about banned books--cancel culture! LGBTQ bullied--cancel culture! Americans...&quot;the enemies within&quot;??--cancel culture! Womens rights over their own bodies...Gone?--cancel culture! Y&#39;all got it backwards cuz you are brainwashed by your &quot;fearless leader&quot; who has CONSISTENTLY belittles alllll kinds of people. He IS the epitome of a bully. Dr. Phil has sold his soul to the devil.,https://www.youtube.com/watch?v=BtfMoZ9s8Sc
Dr. Phil Makes The Case For Why Trump Is Not A 'Bully' At Madison Square Garden Campaign Rally,Forbes Breaking News,@Thisisthelifeofzach,2024-10-31T04:13:33Z,2024-10-31T04:14:41Z,1,Christians don&#39;t care about being bullied- They don&#39;t need the crowd- they have god and family. That&#39;s what makes life good.,https://www.youtube.com/watch?v=BtfMoZ9s8Sc
Dr. Phil Makes The Case For Why Trump Is Not A 'Bully' At Madison Square Garden Campaign Rally,Forbes Breaking News,@adasandy,2024-10-31T04:12:47Z,2024-10-31T04:12:47Z,0,Step down he has no manners he‚Äôs hateful. How much did he pay you? I won‚Äôt be watching your shows anymore.,https://www.youtube.com/watch?v=BtfMoZ9s8Sc
Dr. Phil Makes The Case For Why Trump Is Not A 'Bully' At Madison Square Garden Campaign Rally,Forbes Breaking News,@mailorlee2,2024-10-31T04:12:27Z,2024-10-31T04:12:27Z,0,"Wow, the last episode I watched of Dr. Phil was the, &quot;Cash me Outsi&quot; episode. This is breaking news. He&#39;s either very crazy or very brave. Let&#39;s hope it&#39;s the latter.",https://www.youtube.com/watch?v=BtfMoZ9s8Sc
Dr. Phil Makes The Case For Why Trump Is Not A 'Bully' At Madison Square Garden Campaign Rally,Forbes Breaking News,@amarilisnegroni3734,2024-10-31T04:11:44Z,2024-10-31T04:11:44Z,1,I  always love Dr Phil. Because he just tell it like it is. Happy your conservative like us. Woohoo üéâ‚ô•Ô∏è‚ô•Ô∏èüá∫üá∏üá∫üá∏üá∫üá∏TRUMP 2024,https://www.youtube.com/watch?v=BtfMoZ9s8Sc
Dr. Phil Makes The Case For Why Trump Is Not A 'Bully' At Madison Square Garden Campaign Rally,Forbes Breaking News,@deannagrayston5809,2024-10-31T04:11:38Z,2024-10-31T04:11:38Z,0,It Starts In Households !!!,https://www.youtube.com/watch?v=BtfMoZ9s8Sc
Dr. Phil Makes The Case For Why Trump Is Not A 'Bully' At Madison Square Garden Campaign Rally,Forbes Breaking News,@Thisisthelifeofzach,2024-10-31T04:10:13Z,2024-10-31T04:10:13Z,0,Corporate media- is who they are- They are propaganda for the ones selling things.,https://www.youtube.com/watch?v=BtfMoZ9s8Sc
Dr. Phil Makes The Case For Why Trump Is Not A 'Bully' At Madison Square Garden Campaign Rally,Forbes Breaking News,@adasandy,2024-10-31T04:10:02Z,2024-10-31T04:10:02Z,0,You have hurt your people by what you are doing. He‚Äôs a criminal runs woman Dow n,https://www.youtube.com/watch?v=BtfMoZ9s8Sc
Dr. Phil Makes The Case For Why Trump Is Not A 'Bully' At Madison Square Garden Campaign Rally,Forbes Breaking News,@sandrafreeman885,2024-10-31T04:09:04Z,2024-10-31T04:09:04Z,0,"I guess Birds of a Feather Flock together. Would not have thought in a million years but I heard those in 2024 will be exposed, and there you have it. Everything you say a bully is describe Dump‚Ä¶",https://www.youtube.com/watch?v=BtfMoZ9s8Sc
Dr. Phil Makes The Case For Why Trump Is Not A 'Bully' At Madison Square Garden Campaign Rally,Forbes Breaking News,@deannagrayston5809,2024-10-31T04:08:29Z,2024-10-31T04:08:29Z,1,"Thank You Dr. Phil. Thank You, Robin. We Love You!!!",https://www.youtube.com/watch?v=BtfMoZ9s8Sc
Dr. Phil Makes The Case For Why Trump Is Not A 'Bully' At Madison Square Garden Campaign Rally,Forbes Breaking News,@debrawhite6448,2024-10-31T04:07:44Z,2024-10-31T04:07:44Z,1,Thank you Dr Phil you are keeping it real and it&#39;s about it&#39;s about freedom of speech we need to keep the values and morals of life in the United States,https://www.youtube.com/watch?v=BtfMoZ9s8Sc
Dr. Phil Makes The Case For Why Trump Is Not A 'Bully' At Madison Square Garden Campaign Rally,Forbes Breaking News,@Thisisthelifeofzach,2024-10-31T04:07:31Z,2024-10-31T04:09:03Z,0,DEI is the root word in greek for god- The antichrist in the bible means &quot;in place of christ&quot; not as we thought which was &quot;against Christ&quot;. They want to be god. They want a welfare state where they are tyrants because you rely on them and they get to tell you what to do- That&#39;s tyranny. That&#39;s trying to be god. Forgive us our debts- lead us not into temptation. Run from debt like a roe runs from its preditor/creditor/bankster.,https://www.youtube.com/watch?v=BtfMoZ9s8Sc
Dr. Phil Makes The Case For Why Trump Is Not A 'Bully' At Madison Square Garden Campaign Rally,Forbes Breaking News,@adasandy,2024-10-31T04:07:25Z,2024-10-31T04:07:25Z,0,I cannot believe that you are protecting Trum,https://www.youtube.com/watch?v=BtfMoZ9s8Sc
Dr. Phil Makes The Case For Why Trump Is Not A 'Bully' At Madison Square Garden Campaign Rally,Forbes Breaking News,@nialasanchez9618,2024-10-31T04:06:21Z,2024-10-31T04:06:21Z,1,Dr Phil knows what he&#39;s talking about‚ù§  We&#39;re Striving for Excellence,https://www.youtube.com/watch?v=BtfMoZ9s8Sc
Dr. Phil Makes The Case For Why Trump Is Not A 'Bully' At Madison Square Garden Campaign Rally,Forbes Breaking News,@Thisisthelifeofzach,2024-10-31T04:05:10Z,2024-10-31T04:05:10Z,0,Sorry- Boycotts are the first amendment.,https://www.youtube.com/watch?v=BtfMoZ9s8Sc
Dr. Phil Makes The Case For Why Trump Is Not A 'Bully' At Madison Square Garden Campaign Rally,Forbes Breaking News,@way2go161,2024-10-31T04:04:37Z,2024-10-31T04:04:37Z,0,Dr. Phil...another sell out.... won&#39;t be able to watch another one of his shows,https://www.youtube.com/watch?v=BtfMoZ9s8Sc
Dr. Phil Makes The Case For Why Trump Is Not A 'Bully' At Madison Square Garden Campaign Rally,Forbes Breaking News,@johnkenner3859,2024-10-31T04:03:08Z,2024-10-31T04:03:08Z,1,DR. PHIL  YOU  SHOULD RUN FOR <br>OFFICE OF PRESIDENT  BECAUSE <br>YOU MAKE IT VERY CLEAR THAT <br>OUR COUNTRY NEEDS GREAT <br>LEADERSHIP AND YOU SIR A<br>BORN LEADER AND MAKE CLEAR <br>SENCE OF EVERYTHING GOD RICHLY BLESS YOU AND YOUR FAMILY!!!!üôè GOD RICHLY BLESS <br>PRESIDENT DONALD J. TRUMP!!!!<br>AND GOD BLESS AMERICA!!!!üôè<br> üá∫üá≤üá∫üá≤üá∫üá≤üá∫üá≤üá∫üá≤üá∫üá∏üá∫üá∏üá∫üá∏üá∫üá∏üá∫üá∏üá∫üá∏üá∫üá∏üá∫üá∏üá∫üá≤üá∫üá≤üá∫üá≤üá∫üá≤üá∫üá∏üá∫üá∏üá∫üá∏üá∫üá∏üá∫üá∏üá∫üá≤üá∫üá≤,https://www.youtube.com/watch?v=BtfMoZ9s8Sc
Dr. Phil Makes The Case For Why Trump Is Not A 'Bully' At Madison Square Garden Campaign Rally,Forbes Breaking News,@Thisisthelifeofzach,2024-10-31T04:02:33Z,2024-10-31T04:02:33Z,1,Make votes count again.,https://www.youtube.com/watch?v=BtfMoZ9s8Sc
Dr. Phil Makes The Case For Why Trump Is Not A 'Bully' At Madison Square Garden Campaign Rally,Forbes Breaking News,@cazgreen,2024-10-31T04:01:31Z,2024-10-31T04:01:31Z,1,This is the start of common decency and respect coming back to the world. Let&#39;s go people.,https://www.youtube.com/watch?v=BtfMoZ9s8Sc
Dr. Phil Makes The Case For Why Trump Is Not A 'Bully' At Madison Square Garden Campaign Rally,Forbes Breaking News,@Thisisthelifeofzach,2024-10-31T04:00:57Z,2024-10-31T04:00:57Z,1,I&#39;m very happy to be watching Phil for the first time.,https://www.youtube.com/watch?v=BtfMoZ9s8Sc
Dr. Phil Makes The Case For Why Trump Is Not A 'Bully' At Madison Square Garden Campaign Rally,Forbes Breaking News,@warnerbro03,2024-10-31T04:00:34Z,2024-10-31T04:00:34Z,0,Wonder how many people think that&#39;s really Adam..? ü§îüòÖ,https://www.youtube.com/watch?v=BtfMoZ9s8Sc
Dr. Phil Makes The Case For Why Trump Is Not A 'Bully' At Madison Square Garden Campaign Rally,Forbes Breaking News,@richardwalmsley2594,2024-10-31T03:59:43Z,2024-10-31T03:59:43Z,1,"OK, Dr. Phil finally came out. A great support mechanism for the Republican Party.  Welcome Dr. Phil.",https://www.youtube.com/watch?v=BtfMoZ9s8Sc
Dr. Phil Makes The Case For Why Trump Is Not A 'Bully' At Madison Square Garden Campaign Rally,Forbes Breaking News,@lawstudentfromtexas2024,2024-10-31T03:56:14Z,2024-10-31T03:56:14Z,1,Yes I got terminated for it! It&#39;s okay I know it was better for me to not work there aby way!,https://www.youtube.com/watch?v=BtfMoZ9s8Sc
Dr. Phil Makes The Case For Why Trump Is Not A 'Bully' At Madison Square Garden Campaign Rally,Forbes Breaking News,@darakoon86,2024-10-31T03:56:13Z,2024-10-31T03:56:13Z,3,Dr. Phil is the best!,https://www.youtube.com/watch?v=BtfMoZ9s8Sc
Dr. Phil Makes The Case For Why Trump Is Not A 'Bully' At Madison Square Garden Campaign Rally,Forbes Breaking News,@loriwild7522,2024-10-31T03:53:55Z,2024-10-31T03:53:55Z,8,Wow!!!!!!! God Bless You Dr. Phil!,https://www.youtube.com/watch?v=BtfMoZ9s8Sc
Dr. Phil Makes The Case For Why Trump Is Not A 'Bully' At Madison Square Garden Campaign Rally,Forbes Breaking News,@DianeHayseGIWM,2024-10-31T03:53:46Z,2024-10-31T03:53:46Z,2,"God Bless President Trump!!!!  Yes i said,P*R*E*S*I*D*E*N*T*********!!!!!!!!",https://www.youtube.com/watch?v=BtfMoZ9s8Sc
Dr. Phil Makes The Case For Why Trump Is Not A 'Bully' At Madison Square Garden Campaign Rally,Forbes Breaking News,@pamschutz7956,2024-10-31T03:53:43Z,2024-10-31T03:53:43Z,2,This man has always made great sense to me.,https://www.youtube.com/watch?v=BtfMoZ9s8Sc
Dr. Phil Makes The Case For Why Trump Is Not A 'Bully' At Madison Square Garden Campaign Rally,Forbes Breaking News,@lawstudentfromtexas2024,2024-10-31T03:52:58Z,2024-10-31T03:52:58Z,1,God bless America and our new President &quot;Trump&quot; may he be blessed and protect our country and our people!,https://www.youtube.com/watch?v=BtfMoZ9s8Sc
Dr. Phil Makes The Case For Why Trump Is Not A 'Bully' At Madison Square Garden Campaign Rally,Forbes Breaking News,@kennethcadesharp,2024-10-31T03:52:18Z,2024-10-31T03:52:18Z,1,‚ÄúWe‚Äôll be right back!‚Äù - Adam Ray,https://www.youtube.com/watch?v=BtfMoZ9s8Sc
Dr. Phil Makes The Case For Why Trump Is Not A 'Bully' At Madison Square Garden Campaign Rally,Forbes Breaking News,@lindagurley3914,2024-10-31T03:50:51Z,2024-10-31T03:50:51Z,1,Way go Dr Phil,https://www.youtube.com/watch?v=BtfMoZ9s8Sc
Dr. Phil Makes The Case For Why Trump Is Not A 'Bully' At Madison Square Garden Campaign Rally,Forbes Breaking News,@terihollis8603,2024-10-31T03:47:57Z,2024-10-31T03:47:57Z,1,Its called common sense. Something the post modern wokeness has lost.,https://www.youtube.com/watch?v=BtfMoZ9s8Sc
Dr. Phil Makes The Case For Why Trump Is Not A 'Bully' At Madison Square Garden Campaign Rally,Forbes Breaking News,@loriwild7522,2024-10-31T03:47:43Z,2024-10-31T03:47:43Z,1,"Dr. Phil way to go!!!  THANK GOD, you are standing for TRUTH!!!!‚ù§‚ù§‚ù§",https://www.youtube.com/watch?v=BtfMoZ9s8Sc
Dr. Phil Makes The Case For Why Trump Is Not A 'Bully' At Madison Square Garden Campaign Rally,Forbes Breaking News,@hzlkelly,2024-10-31T03:47:28Z,2024-10-31T03:47:28Z,1,And he told no lies,https://www.youtube.com/watch?v=BtfMoZ9s8Sc
Dr. Phil Makes The Case For Why Trump Is Not A 'Bully' At Madison Square Garden Campaign Rally,Forbes Breaking News,@SamsonDann,2024-10-31T03:46:49Z,2024-10-31T03:46:49Z,0,Cypress hill Cypress Hill Cypress Hill üòÇ,https://www.youtube.com/watch?v=BtfMoZ9s8Sc
Dr. Phil Makes The Case For Why Trump Is Not A 'Bully' At Madison Square Garden Campaign Rally,Forbes Breaking News,@loriwild7522,2024-10-31T03:45:13Z,2024-10-31T03:45:13Z,1,‚ù§‚ù§‚ù§,https://www.youtube.com/watch?v=BtfMoZ9s8Sc
Dr. Phil Makes The Case For Why Trump Is Not A 'Bully' At Madison Square Garden Campaign Rally,Forbes Breaking News,@marysial7,2024-10-31T03:44:37Z,2024-10-31T03:44:37Z,1,"Bravo, dr Phil!!!",https://www.youtube.com/watch?v=BtfMoZ9s8Sc
Dr. Phil Makes The Case For Why Trump Is Not A 'Bully' At Madison Square Garden Campaign Rally,Forbes Breaking News,@KaNutty77,2024-10-31T03:43:37Z,2024-10-31T03:43:37Z,1,I know Opree mad.,https://www.youtube.com/watch?v=BtfMoZ9s8Sc
Dr. Phil Makes The Case For Why Trump Is Not A 'Bully' At Madison Square Garden Campaign Rally,Forbes Breaking News,@whowearereally6494,2024-10-31T03:42:53Z,2024-10-31T03:42:53Z,0,Correction mental it will not let me edit,https://www.youtube.com/watch?v=BtfMoZ9s8Sc
Dr. Phil Makes The Case For Why Trump Is Not A 'Bully' At Madison Square Garden Campaign Rally,Forbes Breaking News,@lindaflores2079,2024-10-31T03:42:24Z,2024-10-31T03:42:24Z,1,WHAT THE F?   Dr Phil is a true Republican,https://www.youtube.com/watch?v=BtfMoZ9s8Sc
Dr. Phil Makes The Case For Why Trump Is Not A 'Bully' At Madison Square Garden Campaign Rally,Forbes Breaking News,@CulbsDC,2024-10-31T03:42:16Z,2024-10-31T03:42:16Z,0,ü§Æ,https://www.youtube.com/watch?v=BtfMoZ9s8Sc
Dr. Phil Makes The Case For Why Trump Is Not A 'Bully' At Madison Square Garden Campaign Rally,Forbes Breaking News,@ban1sh3db3ast,2024-10-31T03:41:56Z,2024-10-31T03:41:56Z,1,üë®‚Äç‚öïüí™üá∫üá∏üíØ,https://www.youtube.com/watch?v=BtfMoZ9s8Sc
Dr. Phil Makes The Case For Why Trump Is Not A 'Bully' At Madison Square Garden Campaign Rally,Forbes Breaking News,@whowearereally6494,2024-10-31T03:41:05Z,2024-10-31T03:41:05Z,0,"Physical work is just as hard as method work and should be paid as such just because you don‚Äôt have a college education does not mean you are not earning your money physical jobs are just as difficult as mental. The divide is too strong in pay, End of story.",https://www.youtube.com/watch?v=BtfMoZ9s8Sc
Dr. Phil Makes The Case For Why Trump Is Not A 'Bully' At Madison Square Garden Campaign Rally,Forbes Breaking News,@JustAnAcoustic61,2024-10-31T03:40:41Z,2024-10-31T03:40:41Z,2,"He pulled this off without a direct attack to the opposing party, the fact remains that amongst all his controversy over the years, he just risked his livelihood to express what he believes in. This country has been run to the ground, it‚Äôs time we‚Äôve taken it back into careful hands.",https://www.youtube.com/watch?v=BtfMoZ9s8Sc
Dr. Phil Makes The Case For Why Trump Is Not A 'Bully' At Madison Square Garden Campaign Rally,Forbes Breaking News,@FelisanasBoutique,2024-10-31T03:38:58Z,2024-10-31T03:38:58Z,0,üòä,https://www.youtube.com/watch?v=BtfMoZ9s8Sc
Dr. Phil Makes The Case For Why Trump Is Not A 'Bully' At Madison Square Garden Campaign Rally,Forbes Breaking News,@whowearereally6494,2024-10-31T03:38:45Z,2024-10-31T03:38:45Z,0,I agree with 90% of this other than he does bully women it‚Äôs proven fact‚Ä¶,https://www.youtube.com/watch?v=BtfMoZ9s8Sc
Dr. Phil Makes The Case For Why Trump Is Not A 'Bully' At Madison Square Garden Campaign Rally,Forbes Breaking News,@janegardina8820,2024-10-31T03:38:41Z,2024-10-31T03:38:41Z,1,Love you Dr. Phil.  Thank you for what you did in North Carolina!  Thank you for standing up to the very best President of America !,https://www.youtube.com/watch?v=BtfMoZ9s8Sc
Dr. Phil Makes The Case For Why Trump Is Not A 'Bully' At Madison Square Garden Campaign Rally,Forbes Breaking News,@vietcongyeunuoc,2024-10-31T03:35:18Z,2024-10-31T03:35:18Z,1,Thank you Dr. Phil‚ù§,https://www.youtube.com/watch?v=BtfMoZ9s8Sc
Dr. Phil Makes The Case For Why Trump Is Not A 'Bully' At Madison Square Garden Campaign Rally,Forbes Breaking News,@OGTrollTroll8,2024-10-31T03:34:56Z,2024-10-31T03:34:56Z,0,Dr Phil got tired of pretending to not know what a woman is on national TV. He woke up from the woke BS.,https://www.youtube.com/watch?v=BtfMoZ9s8Sc
Dr. Phil Makes The Case For Why Trump Is Not A 'Bully' At Madison Square Garden Campaign Rally,Forbes Breaking News,@ServiceUnavailable,2024-10-31T03:31:37Z,2024-10-31T03:31:37Z,0,I tell my friends this &quot;i am not agreeable 100% of the time. There are gonna ve times we disagree but moving forward is our ability to agree to disagree&quot;,https://www.youtube.com/watch?v=BtfMoZ9s8Sc
Dr. Phil Makes The Case For Why Trump Is Not A 'Bully' At Madison Square Garden Campaign Rally,Forbes Breaking News,@undividedone6054,2024-10-31T03:30:20Z,2024-10-31T03:30:20Z,0,One narcissist backing another. Birds of a feather flock together. üôÑüôÑüôÑ,https://www.youtube.com/watch?v=BtfMoZ9s8Sc
Dr. Phil Makes The Case For Why Trump Is Not A 'Bully' At Madison Square Garden Campaign Rally,Forbes Breaking News,@beece2413,2024-10-31T03:26:39Z,2024-10-31T03:26:39Z,1,Preach brother!!!!!ü•≥ü•≥ü•≥üôèüèªüôåüèªüôåüèªüôåüèªü•∞,https://www.youtube.com/watch?v=BtfMoZ9s8Sc
Dr. Phil Makes The Case For Why Trump Is Not A 'Bully' At Madison Square Garden Campaign Rally,Forbes Breaking News,@RaymondJenkins-p3z,2024-10-31T03:22:42Z,2024-10-31T03:22:42Z,0,My people dont get bullied,https://www.youtube.com/watch?v=BtfMoZ9s8Sc
Dr. Phil Makes The Case For Why Trump Is Not A 'Bully' At Madison Square Garden Campaign Rally,Forbes Breaking News,@Diamond7777-x1n,2024-10-31T03:22:32Z,2024-10-31T03:22:32Z,0,Look at Dr Phil wife ...she is Trump s lovaaaaaa,https://www.youtube.com/watch?v=BtfMoZ9s8Sc
Dr. Phil Makes The Case For Why Trump Is Not A 'Bully' At Madison Square Garden Campaign Rally,Forbes Breaking News,@redhotamerica3337,2024-10-31T03:22:03Z,2024-10-31T03:22:03Z,0,HE DIDIT,https://www.youtube.com/watch?v=BtfMoZ9s8Sc
Dr. Phil Makes The Case For Why Trump Is Not A 'Bully' At Madison Square Garden Campaign Rally,Forbes Breaking News,@pleidieswilson6627,2024-10-31T03:20:43Z,2024-10-31T03:20:43Z,1,Trump isxthe kindest m9st catigbperson and Trump is the least Bully I&#39;ve ever seen.,https://www.youtube.com/watch?v=BtfMoZ9s8Sc
Dr. Phil Makes The Case For Why Trump Is Not A 'Bully' At Madison Square Garden Campaign Rally,Forbes Breaking News,@diannemcdonald4626,2024-10-31T03:20:13Z,2024-10-31T03:20:13Z,0,Surprised dr Phil was at this rally with all the hate comedians.,https://www.youtube.com/watch?v=BtfMoZ9s8Sc
Dr. Phil Makes The Case For Why Trump Is Not A 'Bully' At Madison Square Garden Campaign Rally,Forbes Breaking News,@RaymondJenkins-p3z,2024-10-31T03:20:02Z,2024-10-31T03:20:02Z,0,When they talk about u. They thinking about u,https://www.youtube.com/watch?v=BtfMoZ9s8Sc
Dr. Phil Makes The Case For Why Trump Is Not A 'Bully' At Madison Square Garden Campaign Rally,Forbes Breaking News,@HEROFOREVER,2024-10-31T03:18:22Z,2024-10-31T03:18:22Z,1,God bless üá∫üá∏,https://www.youtube.com/watch?v=BtfMoZ9s8Sc
Dr. Phil Makes The Case For Why Trump Is Not A 'Bully' At Madison Square Garden Campaign Rally,Forbes Breaking News,@DeverVision,2024-10-31T03:18:20Z,2024-10-31T03:18:20Z,2,Well said DR. Phil‚Ä¶.,https://www.youtube.com/watch?v=BtfMoZ9s8Sc
Dr. Phil Makes The Case For Why Trump Is Not A 'Bully' At Madison Square Garden Campaign Rally,Forbes Breaking News,@greymurdock2,2024-10-31T03:17:53Z,2024-10-31T03:17:53Z,1,Inspirational! Thank you dr phill!,https://www.youtube.com/watch?v=BtfMoZ9s8Sc
Dr. Phil Makes The Case For Why Trump Is Not A 'Bully' At Madison Square Garden Campaign Rally,Forbes Breaking News,@barbararogers1218,2024-10-31T03:14:48Z,2024-10-31T03:14:48Z,2,"I love Dr. Phil. Thank you for standing up to bullies, challenging Hollywood, advocating for freedom of speech, and supporting Donald Trump. I am proud to be an American. God bless the USA!",https://www.youtube.com/watch?v=BtfMoZ9s8Sc
Dr. Phil Makes The Case For Why Trump Is Not A 'Bully' At Madison Square Garden Campaign Rally,Forbes Breaking News,@A.X.76,2024-10-31T03:14:12Z,2024-10-31T03:14:12Z,1,"‚ÄúWe don‚Äôt strive for perfection, we strive for excellence‚Äù. Not a truer expression has been spoken.",https://www.youtube.com/watch?v=BtfMoZ9s8Sc
Dr. Phil Makes The Case For Why Trump Is Not A 'Bully' At Madison Square Garden Campaign Rally,Forbes Breaking News,@annhoang8298,2024-10-31T03:13:32Z,2024-10-31T03:13:32Z,1,‚ù§Ô∏èüá∫üá∏‚ù§Ô∏èüá∫üá∏‚ù§Ô∏èüá∫üá∏‚ù§Ô∏è,https://www.youtube.com/watch?v=BtfMoZ9s8Sc
Dr. Phil Makes The Case For Why Trump Is Not A 'Bully' At Madison Square Garden Campaign Rally,Forbes Breaking News,@lonnieodom8036,2024-10-31T03:12:22Z,2024-10-31T03:12:22Z,0,He does not want Black People to get REPARATIONS.,https://www.youtube.com/watch?v=BtfMoZ9s8Sc
Dr. Phil Makes The Case For Why Trump Is Not A 'Bully' At Madison Square Garden Campaign Rally,Forbes Breaking News,@lonnieodom8036,2024-10-31T03:11:30Z,2024-10-31T03:11:30Z,1,He is RACIST also.,https://www.youtube.com/watch?v=BtfMoZ9s8Sc
Dr. Phil Makes The Case For Why Trump Is Not A 'Bully' At Madison Square Garden Campaign Rally,Forbes Breaking News,@crazyvssane-d1v,2024-10-31T03:11:20Z,2024-10-31T03:11:20Z,0,Trump better have Phil tied to his hip to be his conscience lol Cause Trump doesn&#39;t have one haha,https://www.youtube.com/watch?v=BtfMoZ9s8Sc
Dr. Phil Makes The Case For Why Trump Is Not A 'Bully' At Madison Square Garden Campaign Rally,Forbes Breaking News,@redhotamerica3337,2024-10-31T03:10:42Z,2024-10-31T03:10:42Z,1,WE LOVE TRUMP,https://www.youtube.com/watch?v=BtfMoZ9s8Sc
Dr. Phil Makes The Case For Why Trump Is Not A 'Bully' At Madison Square Garden Campaign Rally,Forbes Breaking News,@eatthewoke,2024-10-31T03:08:17Z,2024-10-31T03:08:17Z,1,I was looking at Dr. Phil&#39;s X account and people are really attacking him for standing up for free speech. Everyone reading this should give him a follow. It&#39;s really disheartening to see what our country has come to.,https://www.youtube.com/watch?v=BtfMoZ9s8Sc
Dr. Phil Makes The Case For Why Trump Is Not A 'Bully' At Madison Square Garden Campaign Rally,Forbes Breaking News,@crazyvssane-d1v,2024-10-31T03:07:46Z,2024-10-31T03:07:46Z,0,Trump has bullied thousands with less power then himself. Just take those people in Scotland over the water supply. That&#39;s only one of hundreds. Its a great example though because it is so obvious.,https://www.youtube.com/watch?v=BtfMoZ9s8Sc
Dr. Phil Makes The Case For Why Trump Is Not A 'Bully' At Madison Square Garden Campaign Rally,Forbes Breaking News,@livingstonekot757,2024-10-31T03:07:34Z,2024-10-31T03:07:34Z,1,Thank you Dr. Phill for standing up for what is right üôèüèΩüôèüèΩüôèüèΩ,https://www.youtube.com/watch?v=BtfMoZ9s8Sc
Dr. Phil Makes The Case For Why Trump Is Not A 'Bully' At Madison Square Garden Campaign Rally,Forbes Breaking News,@AnthonyMisner-ph4nr,2024-10-31T03:04:10Z,2024-10-31T03:04:10Z,0,"Re knowing nothing about policies and politics, &quot;The only difference between me and him is that I&#39;m willing to admit it&quot;. LMAO",https://www.youtube.com/watch?v=BtfMoZ9s8Sc
Dr. Phil Makes The Case For Why Trump Is Not A 'Bully' At Madison Square Garden Campaign Rally,Forbes Breaking News,@samiam2180,2024-10-31T03:03:25Z,2024-10-31T03:03:25Z,1,Love Dr Phil‚ù§Ô∏èü§çüíôü§ó,https://www.youtube.com/watch?v=BtfMoZ9s8Sc
Dr. Phil Makes The Case For Why Trump Is Not A 'Bully' At Madison Square Garden Campaign Rally,Forbes Breaking News,@valerieburgess5047,2024-10-31T03:02:50Z,2024-10-31T03:02:50Z,1,‚ù§‚ù§‚ù§‚ù§‚ù§‚ù§,https://www.youtube.com/watch?v=BtfMoZ9s8Sc
Dr. Phil Makes The Case For Why Trump Is Not A 'Bully' At Madison Square Garden Campaign Rally,Forbes Breaking News,@switchbladekid57,2024-10-31T03:00:59Z,2024-10-31T03:00:59Z,0,Amazing. I had no idea that Dr. Phil was a Nazi supporter. Trump is indeed a bully.,https://www.youtube.com/watch?v=BtfMoZ9s8Sc
Dr. Phil Makes The Case For Why Trump Is Not A 'Bully' At Madison Square Garden Campaign Rally,Forbes Breaking News,@bsaver5942,2024-10-31T03:00:39Z,2024-10-31T03:00:39Z,0,Doesn&#39;t seem like a Nazi rally.  Could the propaganda media be lying again???,https://www.youtube.com/watch?v=BtfMoZ9s8Sc
Dr. Phil Makes The Case For Why Trump Is Not A 'Bully' At Madison Square Garden Campaign Rally,Forbes Breaking News,@donnabarber7960,2024-10-31T02:57:11Z,2024-10-31T02:57:11Z,2,Thank you Dr. Phil!!,https://www.youtube.com/watch?v=BtfMoZ9s8Sc
Dr. Phil Makes The Case For Why Trump Is Not A 'Bully' At Madison Square Garden Campaign Rally,Forbes Breaking News,@benjaminmedrano4493,2024-10-31T02:56:56Z,2024-10-31T02:56:56Z,0,"As far as media consumption in 2024 goes, Trump is absolutely the underdog compared to Kamala Harris, who will be supported by so many famous people that her party has practically gained control of what we see more than the GOP does.",https://www.youtube.com/watch?v=BtfMoZ9s8Sc
Dr. Phil Makes The Case For Why Trump Is Not A 'Bully' At Madison Square Garden Campaign Rally,Forbes Breaking News,@meomy29,2024-10-31T02:56:09Z,2024-10-31T02:58:17Z,1,"Just so shocked that Dr. Phil would support a Republican candidate. I accidentally came across his new network, Merit Street Media, on Dish channel 247 and have found it surprisingly good, and decidedly not Dr. Phil-ish.",https://www.youtube.com/watch?v=BtfMoZ9s8Sc
Dr. Phil Makes The Case For Why Trump Is Not A 'Bully' At Madison Square Garden Campaign Rally,Forbes Breaking News,@beatagraham1681,2024-10-31T02:54:32Z,2024-10-31T02:54:32Z,1,Miracle! God has sent Dr Phill here to speak,https://www.youtube.com/watch?v=BtfMoZ9s8Sc
Dr. Phil Makes The Case For Why Trump Is Not A 'Bully' At Madison Square Garden Campaign Rally,Forbes Breaking News,@ashleymoss5328,2024-10-31T02:53:09Z,2024-10-31T02:53:09Z,1,Love Dr. Phil!!!,https://www.youtube.com/watch?v=BtfMoZ9s8Sc
Dr. Phil Makes The Case For Why Trump Is Not A 'Bully' At Madison Square Garden Campaign Rally,Forbes Breaking News,@Chickching,2024-10-31T02:50:44Z,2024-10-31T02:50:44Z,0,No not you too Dr. Phil!!!!!,https://www.youtube.com/watch?v=BtfMoZ9s8Sc
Dr. Phil Makes The Case For Why Trump Is Not A 'Bully' At Madison Square Garden Campaign Rally,Forbes Breaking News,@MarkRevelle,2024-10-31T02:50:34Z,2024-10-31T02:50:34Z,1,Thanks Dr Phil ....Love You Sir,https://www.youtube.com/watch?v=BtfMoZ9s8Sc
Dr. Phil Makes The Case For Why Trump Is Not A 'Bully' At Madison Square Garden Campaign Rally,Forbes Breaking News,@houndsmanone4563,2024-10-31T02:48:45Z,2024-10-31T02:48:45Z,1,Dr Phil is making a mark in this nation.,https://www.youtube.com/watch?v=BtfMoZ9s8Sc
Dr. Phil Makes The Case For Why Trump Is Not A 'Bully' At Madison Square Garden Campaign Rally,Forbes Breaking News,@cathotelsd,2024-10-31T02:47:55Z,2024-10-31T02:47:55Z,3,Dr Phil is way better than oprah hopefully she goes down with diddy,https://www.youtube.com/watch?v=BtfMoZ9s8Sc
Dr. Phil Makes The Case For Why Trump Is Not A 'Bully' At Madison Square Garden Campaign Rally,Forbes Breaking News,@amylee9,2024-10-31T02:47:30Z,2024-10-31T02:47:30Z,0,Dr. Phil got conned by the biggest conman there is.  He‚Äôs been teaching people all his life on how to identify toxic narcissists and yet he can‚Äôt identify the biggest one.  Wow.,https://www.youtube.com/watch?v=BtfMoZ9s8Sc
Dr. Phil Makes The Case For Why Trump Is Not A 'Bully' At Madison Square Garden Campaign Rally,Forbes Breaking News,@lanadimachki,2024-10-31T02:47:17Z,2024-10-31T02:47:17Z,1,Loved every second of it!,https://www.youtube.com/watch?v=BtfMoZ9s8Sc
Dr. Phil Makes The Case For Why Trump Is Not A 'Bully' At Madison Square Garden Campaign Rally,Forbes Breaking News,@orangekitty8974,2024-10-31T02:47:00Z,2024-10-31T02:47:00Z,1,üòÇüòÇüòÇ,https://www.youtube.com/watch?v=BtfMoZ9s8Sc
Dr. Phil Makes The Case For Why Trump Is Not A 'Bully' At Madison Square Garden Campaign Rally,Forbes Breaking News,@eatthewoke,2024-10-31T02:44:46Z,2024-10-31T02:44:46Z,1,"Excellent speech! Bravo, Dr. Phil! üëèüëèüëèüëè",https://www.youtube.com/watch?v=BtfMoZ9s8Sc
Dr. Phil Makes The Case For Why Trump Is Not A 'Bully' At Madison Square Garden Campaign Rally,Forbes Breaking News,@SandraLewisfocus1,2024-10-31T02:42:22Z,2024-10-31T02:42:22Z,1,Hillary called us deplorables‚ÄºÔ∏è‚ÄºÔ∏è‚ÄºÔ∏èBullying‚ÄºÔ∏è‚ÄºÔ∏è‚ÄºÔ∏è,https://www.youtube.com/watch?v=BtfMoZ9s8Sc
Dr. Phil Makes The Case For Why Trump Is Not A 'Bully' At Madison Square Garden Campaign Rally,Forbes Breaking News,@KenBewley,2024-10-31T02:42:20Z,2024-10-31T02:42:20Z,1,What a jack ass.,https://www.youtube.com/watch?v=BtfMoZ9s8Sc
Dr. Phil Makes The Case For Why Trump Is Not A 'Bully' At Madison Square Garden Campaign Rally,Forbes Breaking News,@paulhilton329,2024-10-31T02:42:06Z,2024-10-31T02:42:06Z,1,Well said Dr.Phil; Go Trump bring back free speechüôè,https://www.youtube.com/watch?v=BtfMoZ9s8Sc
Dr. Phil Makes The Case For Why Trump Is Not A 'Bully' At Madison Square Garden Campaign Rally,Forbes Breaking News,@Dmillions_,2024-10-31T02:41:36Z,2024-10-31T02:41:36Z,0,Adam Ray finally made it,https://www.youtube.com/watch?v=BtfMoZ9s8Sc
Dr. Phil Makes The Case For Why Trump Is Not A 'Bully' At Madison Square Garden Campaign Rally,Forbes Breaking News,@richardw1043,2024-10-31T02:41:28Z,2024-10-31T02:41:28Z,1,Trump-nesia has even affected Dr Phil. I know a therapist that could help,https://www.youtube.com/watch?v=BtfMoZ9s8Sc
Dr. Phil Makes The Case For Why Trump Is Not A 'Bully' At Madison Square Garden Campaign Rally,Forbes Breaking News,@valeriefinney6566,2024-10-31T02:39:10Z,2024-10-31T02:39:10Z,1,President Phil,https://www.youtube.com/watch?v=BtfMoZ9s8Sc
Dr. Phil Makes The Case For Why Trump Is Not A 'Bully' At Madison Square Garden Campaign Rally,Forbes Breaking News,@brittaniturk6117,2024-10-31T02:38:54Z,2024-10-31T02:38:54Z,1,Aw I got chillsü•∫,https://www.youtube.com/watch?v=BtfMoZ9s8Sc
Dr. Phil Makes The Case For Why Trump Is Not A 'Bully' At Madison Square Garden Campaign Rally,Forbes Breaking News,@paulamcadoo781,2024-10-31T02:38:14Z,2024-10-31T02:38:14Z,1,Win! Win Trump! Win Vance! Win!,https://www.youtube.com/watch?v=BtfMoZ9s8Sc
Dr. Phil Makes The Case For Why Trump Is Not A 'Bully' At Madison Square Garden Campaign Rally,Forbes Breaking News,@sunshine9425,2024-10-31T02:37:45Z,2024-10-31T02:37:45Z,3,"Thank you Dr Phil so,proud you are standing up for our country",https://www.youtube.com/watch?v=BtfMoZ9s8Sc
Dr. Phil Makes The Case For Why Trump Is Not A 'Bully' At Madison Square Garden Campaign Rally,Forbes Breaking News,@angelacook6226,2024-10-31T02:36:29Z,2024-10-31T02:36:29Z,1,Love Dr Phil and his wife such wonderful caring people So Glad he is on Trump side,https://www.youtube.com/watch?v=BtfMoZ9s8Sc
Dr. Phil Makes The Case For Why Trump Is Not A 'Bully' At Madison Square Garden Campaign Rally,Forbes Breaking News,@janelleschultz7025,2024-10-31T02:36:04Z,2024-10-31T02:36:04Z,1,Wow he actually spoke really well.,https://www.youtube.com/watch?v=BtfMoZ9s8Sc
Dr. Phil Makes The Case For Why Trump Is Not A 'Bully' At Madison Square Garden Campaign Rally,Forbes Breaking News,@johntatum1951,2024-10-31T02:35:22Z,2024-10-31T02:35:22Z,0,We need to stop the fraud that Dems are planning in order to steal this election...you know they will try their best.,https://www.youtube.com/watch?v=BtfMoZ9s8Sc
Dr. Phil Makes The Case For Why Trump Is Not A 'Bully' At Madison Square Garden Campaign Rally,Forbes Breaking News,@DoogieBop,2024-10-31T02:35:09Z,2024-10-31T02:41:55Z,1,‚ÄúProblem is I don‚Äôt need one üòé ‚Äú<br>Respect Big P ‚úä,https://www.youtube.com/watch?v=BtfMoZ9s8Sc
Dr. Phil Makes The Case For Why Trump Is Not A 'Bully' At Madison Square Garden Campaign Rally,Forbes Breaking News,@lanadimachki,2024-10-31T02:34:47Z,2024-10-31T02:34:47Z,1,üòçüëèüèº,https://www.youtube.com/watch?v=BtfMoZ9s8Sc
Dr. Phil Makes The Case For Why Trump Is Not A 'Bully' At Madison Square Garden Campaign Rally,Forbes Breaking News,@bophatann8386,2024-10-31T02:33:10Z,2024-10-31T02:33:10Z,1,We love president trumps ‚ù§‚ù§‚ù§‚ù§,https://www.youtube.com/watch?v=BtfMoZ9s8Sc
Dr. Phil Makes The Case For Why Trump Is Not A 'Bully' At Madison Square Garden Campaign Rally,Forbes Breaking News,@chrisadams3871,2024-10-31T02:28:47Z,2024-10-31T02:28:47Z,0,First of all he looks under the influence.  Lost all respect for him.,https://www.youtube.com/watch?v=BtfMoZ9s8Sc
Dr. Phil Makes The Case For Why Trump Is Not A 'Bully' At Madison Square Garden Campaign Rally,Forbes Breaking News,@LaurenRosetta00,2024-10-31T02:26:54Z,2024-10-31T02:26:54Z,0,Might as well have been Oprah. Where she at for Kamala üòÇ <br>Great crowd üéâ,https://www.youtube.com/watch?v=BtfMoZ9s8Sc
Dr. Phil Makes The Case For Why Trump Is Not A 'Bully' At Madison Square Garden Campaign Rally,Forbes Breaking News,@Kreeshtopiani,2024-10-31T02:26:35Z,2024-10-31T02:26:35Z,1,Maggggaaaaaaaa,https://www.youtube.com/watch?v=BtfMoZ9s8Sc
Dr. Phil Makes The Case For Why Trump Is Not A 'Bully' At Madison Square Garden Campaign Rally,Forbes Breaking News,@shannondunnells1472,2024-10-31T02:25:47Z,2024-10-31T02:25:47Z,1,Trump!! üá∫üá∏üá∫üá∏üá∫üá∏,https://www.youtube.com/watch?v=BtfMoZ9s8Sc
Dr. Phil Makes The Case For Why Trump Is Not A 'Bully' At Madison Square Garden Campaign Rally,Forbes Breaking News,@cla3452,2024-10-31T02:22:15Z,2024-10-31T02:22:15Z,1,Its been over 9 years since Trump claimed he has a health care plan. Where is it?,https://www.youtube.com/watch?v=BtfMoZ9s8Sc
Dr. Phil Makes The Case For Why Trump Is Not A 'Bully' At Madison Square Garden Campaign Rally,Forbes Breaking News,@AnthonyGutierrez-z1f,2024-10-31T02:21:19Z,2024-10-31T02:21:19Z,1,"All should be grateful to be american , God&#39;s blessings is upon us , we should always be grateful as a child of the most high.",https://www.youtube.com/watch?v=BtfMoZ9s8Sc
Dr. Phil Makes The Case For Why Trump Is Not A 'Bully' At Madison Square Garden Campaign Rally,Forbes Breaking News,@christinaotero3299,2024-10-31T02:21:19Z,2024-10-31T02:21:19Z,1,Thank you doctor Phil,https://www.youtube.com/watch?v=BtfMoZ9s8Sc
Dr. Phil Makes The Case For Why Trump Is Not A 'Bully' At Madison Square Garden Campaign Rally,Forbes Breaking News,@sandralynn5038,2024-10-31T02:21:17Z,2024-10-31T02:21:17Z,0,"Thank u Dr Phil for fighting the good/God fight..<a href=""http://im.so/"">im.so</a> reassured to realise my faith in you all these yrs was deserved...i have 4 if your books &amp; watched your show regularly &amp; have recently discoverd u again with your interviews of Kennedy &amp; Trump..who im praying &amp; actively supporting/trying  to educate &amp; standing up for  from Canada bc the world need him to win...its terrifying how the dems project their own sins on others &amp; where they r taking ALL of us.. media &amp; the evil cabal have sold out ..Praying for Trump, his devoted family (who speak volumes as to who he truly is) &amp; all of their supporters...",https://www.youtube.com/watch?v=BtfMoZ9s8Sc
Dr. Phil Makes The Case For Why Trump Is Not A 'Bully' At Madison Square Garden Campaign Rally,Forbes Breaking News,@kaiyork1727,2024-10-31T02:20:24Z,2024-10-31T02:20:24Z,1,I thought it was a joke! Im shocked!,https://www.youtube.com/watch?v=BtfMoZ9s8Sc
Dr. Phil Makes The Case For Why Trump Is Not A 'Bully' At Madison Square Garden Campaign Rally,Forbes Breaking News,@jeanthompson2459,2024-10-31T02:19:43Z,2024-10-31T02:19:43Z,1,"Hollywood is toxic. I am cancelling Hollywood. I am very  selective on television . I am not normally watching any tv, I love reading, gardening, a clean home and family time. The trash is overwhelming. I don‚Äôt watch your show in the daytime, I watch in the evening on Utube. Thank you Dr Phil to your dedication to help people.",https://www.youtube.com/watch?v=BtfMoZ9s8Sc
Dr. Phil Makes The Case For Why Trump Is Not A 'Bully' At Madison Square Garden Campaign Rally,Forbes Breaking News,@Redroo11,2024-10-31T02:19:11Z,2024-10-31T02:19:11Z,0,"Aaaaaaaagh, ‚ÄúDr.‚Äù Phil.",https://www.youtube.com/watch?v=BtfMoZ9s8Sc
Dr. Phil Makes The Case For Why Trump Is Not A 'Bully' At Madison Square Garden Campaign Rally,Forbes Breaking News,@JohnEricG,2024-10-31T02:18:43Z,2024-10-31T02:18:43Z,2,As soon as he said bullying it was game over!!!!üíØüíØüíØüíØüî•üî•üî•üî•üî•ü§£ü§£ü§£ü§£ü§£GET IT!!!!  TRUMP 2024 COME GET SOME!!!!!,https://www.youtube.com/watch?v=BtfMoZ9s8Sc
Dr. Phil Makes The Case For Why Trump Is Not A 'Bully' At Madison Square Garden Campaign Rally,Forbes Breaking News,@StreetFig,2024-10-31T02:18:16Z,2024-10-31T02:18:16Z,1,"just when I thought amurrkkka couldn&#39;t get more pathetic, they go and prove me wrong",https://www.youtube.com/watch?v=BtfMoZ9s8Sc
Dr. Phil Makes The Case For Why Trump Is Not A 'Bully' At Madison Square Garden Campaign Rally,Forbes Breaking News,@LiveBetterFeelingBetter,2024-10-31T02:17:08Z,2024-10-31T02:17:08Z,1,MERIT MEDIA!!!,https://www.youtube.com/watch?v=BtfMoZ9s8Sc
Dr. Phil Makes The Case For Why Trump Is Not A 'Bully' At Madison Square Garden Campaign Rally,Forbes Breaking News,@HelenWright-dv6sq,2024-10-31T02:16:39Z,2024-10-31T02:16:39Z,0,Dr Phil  for president,https://www.youtube.com/watch?v=BtfMoZ9s8Sc
Dr. Phil Makes The Case For Why Trump Is Not A 'Bully' At Madison Square Garden Campaign Rally,Forbes Breaking News,@mariaguardiola7489,2024-10-31T02:15:58Z,2024-10-31T02:15:58Z,0,Latinos for Trump,https://www.youtube.com/watch?v=BtfMoZ9s8Sc
Dr. Phil Makes The Case For Why Trump Is Not A 'Bully' At Madison Square Garden Campaign Rally,Forbes Breaking News,@karindaisackson5706,2024-10-31T02:15:51Z,2024-10-31T02:15:51Z,2,Well said Dr Phil. üëèüëèüëèüëè God bless America be the winners you once were and taking the same advice on board in Australia.,https://www.youtube.com/watch?v=BtfMoZ9s8Sc
Dr. Phil Makes The Case For Why Trump Is Not A 'Bully' At Madison Square Garden Campaign Rally,Forbes Breaking News,@donnapope2058,2024-10-31T02:15:49Z,2024-10-31T02:15:49Z,1,Awesome!,https://www.youtube.com/watch?v=BtfMoZ9s8Sc
Dr. Phil Makes The Case For Why Trump Is Not A 'Bully' At Madison Square Garden Campaign Rally,Forbes Breaking News,@mariaguardiola7489,2024-10-31T02:15:39Z,2024-10-31T02:15:39Z,0,Latinos for Trump,https://www.youtube.com/watch?v=BtfMoZ9s8Sc
Dr. Phil Makes The Case For Why Trump Is Not A 'Bully' At Madison Square Garden Campaign Rally,Forbes Breaking News,@GeniusChazz444,2024-10-31T02:12:26Z,2024-10-31T02:12:26Z,0,Trump 2024 - Let‚Äôs make America great again,https://www.youtube.com/watch?v=BtfMoZ9s8Sc
Dr. Phil Makes The Case For Why Trump Is Not A 'Bully' At Madison Square Garden Campaign Rally,Forbes Breaking News,@kimhudy9046,2024-10-31T02:10:54Z,2024-10-31T02:10:54Z,1,"Wow,this  is awesome ‚ù§",https://www.youtube.com/watch?v=BtfMoZ9s8Sc
Dr. Phil Makes The Case For Why Trump Is Not A 'Bully' At Madison Square Garden Campaign Rally,Forbes Breaking News,@GemGames3,2024-10-31T02:10:53Z,2024-10-31T02:10:53Z,1,Wow they got Dr Phil now. It&#39;s interesting how the negative furore for Trump from 2016 isn&#39;t there now.,https://www.youtube.com/watch?v=BtfMoZ9s8Sc
Dr. Phil Makes The Case For Why Trump Is Not A 'Bully' At Madison Square Garden Campaign Rally,Forbes Breaking News,@GinaFilippo-f8q,2024-10-31T02:06:39Z,2024-10-31T02:06:39Z,1,AMEN,https://www.youtube.com/watch?v=BtfMoZ9s8Sc
Dr. Phil Makes The Case For Why Trump Is Not A 'Bully' At Madison Square Garden Campaign Rally,Forbes Breaking News,@treyivy2922,2024-10-31T02:06:22Z,2024-10-31T02:06:22Z,0,Articulate and concise.,https://www.youtube.com/watch?v=BtfMoZ9s8Sc
Dr. Phil Makes The Case For Why Trump Is Not A 'Bully' At Madison Square Garden Campaign Rally,Forbes Breaking News,@GinaFilippo-f8q,2024-10-31T02:06:08Z,2024-10-31T02:06:08Z,1,Every voter&#39;s must hear Dr.Phils. opinion&amp; words here!!!!!!!As ALWAYS speaks for All. Coman RESPECTS Both points of REALITYS&amp; TRUTHS IN RESPECTS FOR ALL!!!!!AMEN üôè FOR THE TRUE üëç OF THE TRUE!!!!!!!,https://www.youtube.com/watch?v=BtfMoZ9s8Sc
Dr. Phil Makes The Case For Why Trump Is Not A 'Bully' At Madison Square Garden Campaign Rally,Forbes Breaking News,@jeanthompson2459,2024-10-31T02:05:16Z,2024-10-31T02:05:16Z,0,Absolutely truth Dr. Phil. The left has tried every possible attempt they have cooked up to destroy him. He is our Energizing Bunnyüòä,https://www.youtube.com/watch?v=BtfMoZ9s8Sc
Dr. Phil Makes The Case For Why Trump Is Not A 'Bully' At Madison Square Garden Campaign Rally,Forbes Breaking News,@tinasimkins8006,2024-10-31T02:04:34Z,2024-10-31T02:04:50Z,2,Shame on Dr. Phil for being part of this awful event and for supporting a wannabe fascist and dictator.,https://www.youtube.com/watch?v=BtfMoZ9s8Sc
Dr. Phil Makes The Case For Why Trump Is Not A 'Bully' At Madison Square Garden Campaign Rally,Forbes Breaking News,@sohcammer,2024-10-31T02:03:48Z,2024-10-31T02:03:48Z,0,So much truth in his speech - thank you,https://www.youtube.com/watch?v=BtfMoZ9s8Sc
Dr. Phil Makes The Case For Why Trump Is Not A 'Bully' At Madison Square Garden Campaign Rally,Forbes Breaking News,@charlies8282,2024-10-31T02:03:37Z,2024-10-31T02:03:37Z,0,Dr Phil killed it. Hit on every possible key idea. Rise up!,https://www.youtube.com/watch?v=BtfMoZ9s8Sc
Dr. Phil Makes The Case For Why Trump Is Not A 'Bully' At Madison Square Garden Campaign Rally,Forbes Breaking News,@redacted3373,2024-10-31T02:02:28Z,2024-10-31T02:02:28Z,1,Adam Ray has really perfected the look.,https://www.youtube.com/watch?v=BtfMoZ9s8Sc
Dr. Phil Makes The Case For Why Trump Is Not A 'Bully' At Madison Square Garden Campaign Rally,Forbes Breaking News,@GinaFilippo-f8q,2024-10-31T02:01:59Z,2024-10-31T02:01:59Z,0,üíØ AGREE TOTALY üëç,https://www.youtube.com/watch?v=BtfMoZ9s8Sc
Dr. Phil Makes The Case For Why Trump Is Not A 'Bully' At Madison Square Garden Campaign Rally,Forbes Breaking News,@susantasker6120,2024-10-31T02:01:46Z,2024-10-31T02:01:46Z,0,THANK YOU Dr Phil!,https://www.youtube.com/watch?v=BtfMoZ9s8Sc
Dr. Phil Makes The Case For Why Trump Is Not A 'Bully' At Madison Square Garden Campaign Rally,Forbes Breaking News,@GinaFilippo-f8q,2024-10-31T02:01:24Z,2024-10-31T02:01:24Z,1,DR. PHIL NEVER SHOWS FAV. STRAIGHT UP TO THE FACTS. ALWAYS!!!!!!LOVE YOU DR PHIL MUCH APPRECIATED RESPECTED üëè  GINA OKLAHOMA,https://www.youtube.com/watch?v=BtfMoZ9s8Sc
Dr. Phil Makes The Case For Why Trump Is Not A 'Bully' At Madison Square Garden Campaign Rally,Forbes Breaking News,@annam4313,2024-10-31T02:00:51Z,2024-10-31T02:00:51Z,0,"Equal outcome? How can this be achieved? I for example worked/work very hard to build wealth, saved the money, invested. Regretfully most people spend their money, not prepared to make above human sacrifices how can the outcome be equal? Harris also stated that the population need to be reduced to have fresher air for the remaining population. This un-controlled invasion of Amerika by un-checked people will ensure the population reduction by provoking a civil war. USA have it&#39;s last chance to try to save the country by voting TRUMP. I wish you all wealth, health and happiness.",https://www.youtube.com/watch?v=BtfMoZ9s8Sc
Dr. Phil Makes The Case For Why Trump Is Not A 'Bully' At Madison Square Garden Campaign Rally,Forbes Breaking News,@benitavillagonzalo8479,2024-10-31T01:59:05Z,2024-10-31T01:59:05Z,0,"This is the best of  all speeches we heard, the beall and endall, the real truth in a nutshell!  This is the doctor speaking, he speaks for your healing, America!  Amen. Dr. PHIL.!",https://www.youtube.com/watch?v=BtfMoZ9s8Sc
Dr. Phil Makes The Case For Why Trump Is Not A 'Bully' At Madison Square Garden Campaign Rally,Forbes Breaking News,@GinaFilippo-f8q,2024-10-31T01:58:24Z,2024-10-31T01:58:24Z,0,AMEN PRAISE THE LORD.  ABSOLUTLY  MR. DR. PHIL.  MOST RESPECTS üôè FOR OUR NATION AND THE FAMILY AND THE TRUE üëç. AMEN USA üá∫üá∏,https://www.youtube.com/watch?v=BtfMoZ9s8Sc
Dr. Phil Makes The Case For Why Trump Is Not A 'Bully' At Madison Square Garden Campaign Rally,Forbes Breaking News,@BambiJernigan,2024-10-31T01:58:08Z,2024-10-31T01:58:08Z,0,"Maxine Waters is the worst beside Nancy Pelosi, Liz Chenney.",https://www.youtube.com/watch?v=BtfMoZ9s8Sc
Dr. Phil Makes The Case For Why Trump Is Not A 'Bully' At Madison Square Garden Campaign Rally,Forbes Breaking News,@evelynrivera8799,2024-10-31T01:57:05Z,2024-10-31T01:57:05Z,0,Thanks Dr. Phil. The man deserves respect and yes the entire Trump Family has been bullied for a  long time.  ‚ù§,https://www.youtube.com/watch?v=BtfMoZ9s8Sc
Dr. Phil Makes The Case For Why Trump Is Not A 'Bully' At Madison Square Garden Campaign Rally,Forbes Breaking News,@ababner317,2024-10-31T01:55:17Z,2024-10-31T01:55:17Z,0,Most celebrities are far far left.  Enough said.,https://www.youtube.com/watch?v=BtfMoZ9s8Sc
Dr. Phil Makes The Case For Why Trump Is Not A 'Bully' At Madison Square Garden Campaign Rally,Forbes Breaking News,@LH23511,2024-10-31T01:53:21Z,2024-10-31T01:53:21Z,0,I guess he is not a diddie fan.,https://www.youtube.com/watch?v=BtfMoZ9s8Sc
Dr. Phil Makes The Case For Why Trump Is Not A 'Bully' At Madison Square Garden Campaign Rally,Forbes Breaking News,@Barbara-os1bo,2024-10-31T01:53:18Z,2024-10-31T01:53:18Z,0,My 2 favourite men ‚ù§,https://www.youtube.com/watch?v=BtfMoZ9s8Sc
Dr. Phil Makes The Case For Why Trump Is Not A 'Bully' At Madison Square Garden Campaign Rally,Forbes Breaking News,@lorithompson9899,2024-10-31T01:52:46Z,2024-10-31T01:52:46Z,0,You tell them Dr Phil!,https://www.youtube.com/watch?v=BtfMoZ9s8Sc
Dr. Phil Makes The Case For Why Trump Is Not A 'Bully' At Madison Square Garden Campaign Rally,Forbes Breaking News,@Reevesi,2024-10-31T01:51:21Z,2024-10-31T01:51:21Z,0,Respect to Dr Phil,https://www.youtube.com/watch?v=BtfMoZ9s8Sc
Dr. Phil Makes The Case For Why Trump Is Not A 'Bully' At Madison Square Garden Campaign Rally,Forbes Breaking News,@kennym476,2024-10-31T01:49:58Z,2024-10-31T01:49:58Z,0,"Amen,",https://www.youtube.com/watch?v=BtfMoZ9s8Sc
Dr. Phil Makes The Case For Why Trump Is Not A 'Bully' At Madison Square Garden Campaign Rally,Forbes Breaking News,@codymuders4996,2024-10-31T01:48:59Z,2024-10-31T01:48:59Z,0,"This was not on my 2024 bingo card, but I guess we‚Äôre here‚ù§",https://www.youtube.com/watch?v=BtfMoZ9s8Sc
Dr. Phil Makes The Case For Why Trump Is Not A 'Bully' At Madison Square Garden Campaign Rally,Forbes Breaking News,@BambiJernigan,2024-10-31T01:46:52Z,2024-10-31T01:46:52Z,0,"Thank you, Dr. Phil. God bless you. Trump 2024.",https://www.youtube.com/watch?v=BtfMoZ9s8Sc
Dr. Phil Makes The Case For Why Trump Is Not A 'Bully' At Madison Square Garden Campaign Rally,Forbes Breaking News,@mariaelena6269,2024-10-31T01:46:33Z,2024-10-31T01:46:33Z,1,Shame on Dr Phil,https://www.youtube.com/watch?v=BtfMoZ9s8Sc
Dr. Phil Makes The Case For Why Trump Is Not A 'Bully' At Madison Square Garden Campaign Rally,Forbes Breaking News,@yolandaguerra8894,2024-10-31T01:45:44Z,2024-10-31T01:45:44Z,0,‚ù§‚ù§‚ù§‚ù§‚ù§‚ù§,https://www.youtube.com/watch?v=BtfMoZ9s8Sc
Dr. Phil Makes The Case For Why Trump Is Not A 'Bully' At Madison Square Garden Campaign Rally,Forbes Breaking News,@Julie-uc7ye,2024-10-31T01:45:36Z,2024-10-31T01:45:36Z,0,Dr. Phil is üíØ right on everything !,https://www.youtube.com/watch?v=BtfMoZ9s8Sc
Dr. Phil Makes The Case For Why Trump Is Not A 'Bully' At Madison Square Garden Campaign Rally,Forbes Breaking News,@mickeyheafner4083,2024-10-31T01:43:41Z,2024-10-31T01:43:41Z,0,"God Bless America, and thank Dr Phil for such a dynamic and heartfelt speech! May God bless you and your family now and already, and praying for Trump&#39;s safely during this stressful and hostile election time! Praise God from whom all blessings flow!",https://www.youtube.com/watch?v=BtfMoZ9s8Sc
Dr. Phil Makes The Case For Why Trump Is Not A 'Bully' At Madison Square Garden Campaign Rally,Forbes Breaking News,@celestestroud9525,2024-10-31T01:43:18Z,2024-10-31T01:43:18Z,0,I‚Äôve always loved Dr Phil but in recent years stopped watching him bc I could tell during his shows it seemed he was getting scared to say certain things‚Ä¶ it wasn‚Äôt until Candace Owens &amp; Amala Ekpunobi was on there that I thought hmmm maybe he‚Äôs starting to resist. <br><br>But WOW I‚Äôm so proud of him &amp; SO GLAD he‚Äôs standing up for the Right &amp; supporting this country! <br><br>Thank You Dr Phil! üñ§üñ§üñ§,https://www.youtube.com/watch?v=BtfMoZ9s8Sc
Dr. Phil Makes The Case For Why Trump Is Not A 'Bully' At Madison Square Garden Campaign Rally,Forbes Breaking News,@annen6887,2024-10-31T01:43:18Z,2024-10-31T01:43:18Z,0,Thank you Dr.Phil,https://www.youtube.com/watch?v=BtfMoZ9s8Sc
Dr. Phil Makes The Case For Why Trump Is Not A 'Bully' At Madison Square Garden Campaign Rally,Forbes Breaking News,@JerryDanley-jv8uh,2024-10-31T01:41:23Z,2024-10-31T01:41:23Z,0,Its time to have the freedom to say and be proud to your opinions.,https://www.youtube.com/watch?v=BtfMoZ9s8Sc
Dr. Phil Makes The Case For Why Trump Is Not A 'Bully' At Madison Square Garden Campaign Rally,Forbes Breaking News,@rebeccamandabach7517,2024-10-31T01:40:26Z,2024-10-31T01:40:26Z,0,Thank you Dr. Phil you are so beautiful.  You speak to the heart of America.  We need Trump in office desperately.   We need you to help us stay grounded and determined to bring this country back to what it once was.üòä,https://www.youtube.com/watch?v=BtfMoZ9s8Sc
Dr. Phil Makes The Case For Why Trump Is Not A 'Bully' At Madison Square Garden Campaign Rally,Forbes Breaking News,@tinap6854,2024-10-31T01:39:40Z,2024-10-31T01:39:40Z,0,"Thanks Dr Phil,you are great in your role at this moment in Trumps presidency, you told the truth and the people thank you üôè",https://www.youtube.com/watch?v=BtfMoZ9s8Sc
Dr. Phil Makes The Case For Why Trump Is Not A 'Bully' At Madison Square Garden Campaign Rally,Forbes Breaking News,@DarkChaos87,2024-10-31T01:39:34Z,2024-10-31T01:42:12Z,0,"&quot;I&#39;ll tell ya what they don&#39;t want. What they don&#39;t want, is a population capable of critical thinking.&quot;<br> - A Famous Comedian<br><br><br>&quot;............You&#39;re just as guilty as the bully doing the bullying.&quot;  Ya, but those bully&#39;s you speak of, have a special security detail that&#39;ll waste your soul away without a second thought.",https://www.youtube.com/watch?v=BtfMoZ9s8Sc
Dr. Phil Makes The Case For Why Trump Is Not A 'Bully' At Madison Square Garden Campaign Rally,Forbes Breaking News,@LorriB555,2024-10-31T01:39:04Z,2024-10-31T01:39:04Z,0,Please make Trudeau go away and make Canada great again???,https://www.youtube.com/watch?v=BtfMoZ9s8Sc
Dr. Phil Makes The Case For Why Trump Is Not A 'Bully' At Madison Square Garden Campaign Rally,Forbes Breaking News,@mikesimmons9602,2024-10-31T01:38:29Z,2024-10-31T01:38:29Z,0,What a great great man! A regular Nostradamus! Let us bow to Lord Trump!! Fake people!,https://www.youtube.com/watch?v=BtfMoZ9s8Sc
Dr. Phil Makes The Case For Why Trump Is Not A 'Bully' At Madison Square Garden Campaign Rally,Forbes Breaking News,@barbarannkausch169,2024-10-31T01:37:15Z,2024-10-31T01:37:15Z,0,"Thst is what l yell people. People without transportation, give them a ridr to vote and bring back home after. I will do that here in Canada when our elrction is called.",https://www.youtube.com/watch?v=BtfMoZ9s8Sc
Dr. Phil Makes The Case For Why Trump Is Not A 'Bully' At Madison Square Garden Campaign Rally,Forbes Breaking News,@JerryDanley-jv8uh,2024-10-31T01:36:35Z,2024-10-31T01:36:35Z,0,MR. TRUMP YOU GOT MY VOTE,https://www.youtube.com/watch?v=BtfMoZ9s8Sc
Dr. Phil Makes The Case For Why Trump Is Not A 'Bully' At Madison Square Garden Campaign Rally,Forbes Breaking News,@JerryDanley-jv8uh,2024-10-31T01:35:20Z,2024-10-31T01:35:20Z,0,I will not allow my free speech  or my guns be taken from me. And i will not allow someone  to hurt someone weaker than them.,https://www.youtube.com/watch?v=BtfMoZ9s8Sc
Dr. Phil Makes The Case For Why Trump Is Not A 'Bully' At Madison Square Garden Campaign Rally,Forbes Breaking News,@unterleinach,2024-10-31T01:34:30Z,2024-10-31T01:34:30Z,1,I thought Dr.Phil was and intelligent man but it appears that I&#39;m was sadly mistaken. He&#39;s right about not knowing anything. That finishes my watching him ever again.,https://www.youtube.com/watch?v=BtfMoZ9s8Sc
Dr. Phil Makes The Case For Why Trump Is Not A 'Bully' At Madison Square Garden Campaign Rally,Forbes Breaking News,@111incogneto,2024-10-31T01:34:16Z,2024-10-31T01:34:16Z,0,He&#39;s he&#39;s spitting a lot of a lot of Truth into the spoodle,https://www.youtube.com/watch?v=BtfMoZ9s8Sc
Dr. Phil Makes The Case For Why Trump Is Not A 'Bully' At Madison Square Garden Campaign Rally,Forbes Breaking News,@annen6887,2024-10-31T01:33:00Z,2024-10-31T01:33:00Z,0,"Yup, i was canceled by my sibblings and called names. Guess I&#39;ll be buying less Christmas gifts this year..",https://www.youtube.com/watch?v=BtfMoZ9s8Sc
Dr. Phil Makes The Case For Why Trump Is Not A 'Bully' At Madison Square Garden Campaign Rally,Forbes Breaking News,@ruthh.9069,2024-10-31T01:32:54Z,2024-10-31T01:32:54Z,0,I love this country too and it&#39;s my second home üíó,https://www.youtube.com/watch?v=BtfMoZ9s8Sc
Dr. Phil Makes The Case For Why Trump Is Not A 'Bully' At Madison Square Garden Campaign Rally,Forbes Breaking News,@111incogneto,2024-10-31T01:32:47Z,2024-10-31T01:32:47Z,0,"I stand with Dr Phil, if you would wear a curly wig afro, he would look like Mr Carter from Welcome Back Kotter",https://www.youtube.com/watch?v=BtfMoZ9s8Sc
Dr. Phil Makes The Case For Why Trump Is Not A 'Bully' At Madison Square Garden Campaign Rally,Forbes Breaking News,@JerryDanley-jv8uh,2024-10-31T01:32:10Z,2024-10-31T01:32:10Z,0,Thank your wife Dr. Phil  ahe sounds like a smart woman,https://www.youtube.com/watch?v=BtfMoZ9s8Sc
Dr. Phil Makes The Case For Why Trump Is Not A 'Bully' At Madison Square Garden Campaign Rally,Forbes Breaking News,@penguinpower3506,2024-10-31T01:31:37Z,2024-10-31T01:31:37Z,0,this country needs to get back on its feet again when trump returns im so excited for this disaster to be over,https://www.youtube.com/watch?v=BtfMoZ9s8Sc
Dr. Phil Makes The Case For Why Trump Is Not A 'Bully' At Madison Square Garden Campaign Rally,Forbes Breaking News,@JerryDanley-jv8uh,2024-10-31T01:31:18Z,2024-10-31T01:31:18Z,0,The media is a joke,https://www.youtube.com/watch?v=BtfMoZ9s8Sc
Dr. Phil Makes The Case For Why Trump Is Not A 'Bully' At Madison Square Garden Campaign Rally,Forbes Breaking News,@janmontgomery8883,2024-10-31T01:31:13Z,2024-10-31T01:31:13Z,0,This is amazing wow,https://www.youtube.com/watch?v=BtfMoZ9s8Sc
Dr. Phil Makes The Case For Why Trump Is Not A 'Bully' At Madison Square Garden Campaign Rally,Forbes Breaking News,@JerryDanley-jv8uh,2024-10-31T01:30:55Z,2024-10-31T01:30:55Z,0,Time to stop people  that dont like your comments.  Make you pay.,https://www.youtube.com/watch?v=BtfMoZ9s8Sc
Dr. Phil Makes The Case For Why Trump Is Not A 'Bully' At Madison Square Garden Campaign Rally,Forbes Breaking News,@bonnpoop1822,2024-10-31T01:30:44Z,2024-10-31T01:30:44Z,1,I was hoping it‚Äôd be Adam ray üíÄ,https://www.youtube.com/watch?v=BtfMoZ9s8Sc
Dr. Phil Makes The Case For Why Trump Is Not A 'Bully' At Madison Square Garden Campaign Rally,Forbes Breaking News,@Team_Nissan_Rs,2024-10-31T01:30:07Z,2024-10-31T01:30:07Z,0,Damn fucking Dr. Phil is a real one man loves America! Murica!,https://www.youtube.com/watch?v=BtfMoZ9s8Sc
Dr. Phil Makes The Case For Why Trump Is Not A 'Bully' At Madison Square Garden Campaign Rally,Forbes Breaking News,@annen6887,2024-10-31T01:29:36Z,2024-10-31T01:29:36Z,0,LOVE the USA. Pray and pray to God that he reaches the hearts needed,https://www.youtube.com/watch?v=BtfMoZ9s8Sc
Dr. Phil Makes The Case For Why Trump Is Not A 'Bully' At Madison Square Garden Campaign Rally,Forbes Breaking News,@thyristo,2024-10-31T01:29:24Z,2024-10-31T01:29:24Z,1,Fake doctor.,https://www.youtube.com/watch?v=BtfMoZ9s8Sc
Dr. Phil Makes The Case For Why Trump Is Not A 'Bully' At Madison Square Garden Campaign Rally,Forbes Breaking News,@aracely909,2024-10-31T01:29:12Z,2024-10-31T02:23:50Z,1,Does Dr. Phil think that the women who have accused Donald Trump of SA all just made that up? Does he think it was ok for Trump to try to steal the 2020 election and abused his power to do that? ü§®<br>Trump enciting the Jan 6th violence was not bullying? ü§® <br>What about spreading fear and hatred and turning people against one another?  Is that not bullying? He‚Äôs  the one that made all this ok and now he‚Äôs a victim of bullying? ü§î,https://www.youtube.com/watch?v=BtfMoZ9s8Sc
Dr. Phil Makes The Case For Why Trump Is Not A 'Bully' At Madison Square Garden Campaign Rally,Forbes Breaking News,@SusanGuinn,2024-10-31T01:29:12Z,2024-10-31T01:29:12Z,0,I don&#39;t understand how you can say that Trump is not a dangerous man. You have a doctorate in psychology and should know that Trump is extremely dangerous. God bless and keep us all safe from DJT. üôèüíûüôè,https://www.youtube.com/watch?v=BtfMoZ9s8Sc
Dr. Phil Makes The Case For Why Trump Is Not A 'Bully' At Madison Square Garden Campaign Rally,Forbes Breaking News,@allyson4801,2024-10-31T01:29:11Z,2024-10-31T01:29:11Z,0,That was very inspiring.,https://www.youtube.com/watch?v=BtfMoZ9s8Sc
Dr. Phil Makes The Case For Why Trump Is Not A 'Bully' At Madison Square Garden Campaign Rally,Forbes Breaking News,@JerryDanley-jv8uh,2024-10-31T01:28:55Z,2024-10-31T01:28:55Z,0,I am tired. When people  have lost a battle.  They YEll racist  or RAP. Hoping  stupid ppl protect  and help them out.,https://www.youtube.com/watch?v=BtfMoZ9s8Sc
Dr. Phil Makes The Case For Why Trump Is Not A 'Bully' At Madison Square Garden Campaign Rally,Forbes Breaking News,@PrittOinas,2024-10-31T01:27:10Z,2024-10-31T01:27:10Z,1,Dr. Phil is right!! TRUMP IS NOT A BULLY!!!   IT&#39;S TIME TO VOTE TRUMP TO THE WHITE HOUSE!!!!!,https://www.youtube.com/watch?v=BtfMoZ9s8Sc
Dr. Phil Makes The Case For Why Trump Is Not A 'Bully' At Madison Square Garden Campaign Rally,Forbes Breaking News,@CarolynAmerican100percent,2024-10-31T01:26:04Z,2024-10-31T01:26:04Z,0,Wooooohoooo america first,https://www.youtube.com/watch?v=BtfMoZ9s8Sc
Dr. Phil Makes The Case For Why Trump Is Not A 'Bully' At Madison Square Garden Campaign Rally,Forbes Breaking News,@JerryDanley-jv8uh,2024-10-31T01:24:01Z,2024-10-31T01:24:01Z,1,Amen brother  stand up for America,https://www.youtube.com/watch?v=BtfMoZ9s8Sc
Dr. Phil Makes The Case For Why Trump Is Not A 'Bully' At Madison Square Garden Campaign Rally,Forbes Breaking News,@H4me7215,2024-10-31T01:22:16Z,2024-10-31T01:22:16Z,1,"If you love this country, vote TRUMPH‚ù§üéâ‚ù§üéâ‚ù§üéâ‚ù§",https://www.youtube.com/watch?v=BtfMoZ9s8Sc
Dr. Phil Makes The Case For Why Trump Is Not A 'Bully' At Madison Square Garden Campaign Rally,Forbes Breaking News,@michaelduncan2151,2024-10-31T01:22:06Z,2024-10-31T01:22:06Z,1,"&quot;Power&#39;Phil&quot;......I Salute Ya Buddy....,üëçüëçüëçüëçüëçüëçüëçüëçüëçüëçüëçüá∫üá≤üá∫üá≤üá∫üá≤üá∫üá≤üá∫üá≤üá∫üá≤<br>GREAT MESSAGE....FOR AMERICA.....!!!!!",https://www.youtube.com/watch?v=BtfMoZ9s8Sc
Dr. Phil Makes The Case For Why Trump Is Not A 'Bully' At Madison Square Garden Campaign Rally,Forbes Breaking News,@marianchristian1224,2024-10-31T01:19:35Z,2024-10-31T01:19:35Z,1,"Way to go, Dr. Phil",https://www.youtube.com/watch?v=BtfMoZ9s8Sc
Dr. Phil Makes The Case For Why Trump Is Not A 'Bully' At Madison Square Garden Campaign Rally,Forbes Breaking News,@smokyquartz5817,2024-10-31T01:19:04Z,2024-10-31T01:19:04Z,1,Like January 6th?,https://www.youtube.com/watch?v=BtfMoZ9s8Sc
Dr. Phil Makes The Case For Why Trump Is Not A 'Bully' At Madison Square Garden Campaign Rally,Forbes Breaking News,@wendydavis1690,2024-10-31T01:17:52Z,2024-10-31T01:17:52Z,3,We love our Country and Dr. Phil,https://www.youtube.com/watch?v=BtfMoZ9s8Sc
Dr. Phil Makes The Case For Why Trump Is Not A 'Bully' At Madison Square Garden Campaign Rally,Forbes Breaking News,@propagandatechniques,2024-10-31T01:17:50Z,2024-10-31T01:17:50Z,0,Forbes is wising up.,https://www.youtube.com/watch?v=BtfMoZ9s8Sc
Dr. Phil Makes The Case For Why Trump Is Not A 'Bully' At Madison Square Garden Campaign Rally,Forbes Breaking News,@frederikdemoor2018,2024-10-31T01:17:12Z,2024-10-31T01:17:12Z,0,The progresive mob are the &quot;black shirts&quot; look it up. Don&#39;t take my word .,https://www.youtube.com/watch?v=BtfMoZ9s8Sc
Dr. Phil Makes The Case For Why Trump Is Not A 'Bully' At Madison Square Garden Campaign Rally,Forbes Breaking News,@RamonaRobinson-sk9yk,2024-10-31T01:17:05Z,2024-10-31T01:17:05Z,1,Dr Phil nailed it,https://www.youtube.com/watch?v=BtfMoZ9s8Sc
Dr. Phil Makes The Case For Why Trump Is Not A 'Bully' At Madison Square Garden Campaign Rally,Forbes Breaking News,@earthcream,2024-10-31T01:16:52Z,2024-10-31T01:16:52Z,1,Awesome!!!‚ô•‚ô•‚ô•‚ô•‚ô•‚ô•‚ô•‚ô•‚ô•‚ô•‚ô•‚ô•‚ô•‚ô•‚ô•‚ô•,https://www.youtube.com/watch?v=BtfMoZ9s8Sc
Dr. Phil Makes The Case For Why Trump Is Not A 'Bully' At Madison Square Garden Campaign Rally,Forbes Breaking News,@jessica_37_,2024-10-31T01:16:05Z,2024-10-31T01:16:05Z,0,üî•,https://www.youtube.com/watch?v=BtfMoZ9s8Sc
Dr. Phil Makes The Case For Why Trump Is Not A 'Bully' At Madison Square Garden Campaign Rally,Forbes Breaking News,@UberAlphaSirus,2024-10-31T01:15:16Z,2024-10-31T01:15:16Z,1,Dr Phil killed it. Good speach,https://www.youtube.com/watch?v=BtfMoZ9s8Sc
Dr. Phil Makes The Case For Why Trump Is Not A 'Bully' At Madison Square Garden Campaign Rally,Forbes Breaking News,@michaelduncan2151,2024-10-31T01:14:47Z,2024-10-31T01:14:47Z,1,"Astute, Sagacious, Prudent.....Dr Phil...... KUDO&#39;S TO YOU.....FELLOW PATRIOT.....!!!!! üëçüëçüëçüëçüëçüëçüëçüá∫üá≤üëçüá∫üá≤üëçüá∫üá≤üëçüá∫üá≤üëçüá∫üá≤üëçüá∫üá≤üëçüá∫üá≤üëçüá∫üá≤üëçüá∫üá≤üëçüá∫üá≤üëçüá∫üá≤üëçüá∫üá≤",https://www.youtube.com/watch?v=BtfMoZ9s8Sc
Dr. Phil Makes The Case For Why Trump Is Not A 'Bully' At Madison Square Garden Campaign Rally,Forbes Breaking News,@cynthiapetro8708,2024-10-31T01:14:34Z,2024-10-31T01:14:34Z,2,ALL excellent statements! I love you too!,https://www.youtube.com/watch?v=BtfMoZ9s8Sc
Dr. Phil Makes The Case For Why Trump Is Not A 'Bully' At Madison Square Garden Campaign Rally,Forbes Breaking News,@sylviawelsh9518,2024-10-31T01:14:13Z,2024-10-31T01:14:13Z,1,MAGA ‚ù§‚ù§‚ù§‚ù§‚ù§üá∫üá∏üá∫üá∏üá∫üá∏üá∫üá∏üá∫üá∏üí™üèΩü¶æüôèüèªü§∫,https://www.youtube.com/watch?v=BtfMoZ9s8Sc
Dr. Phil Makes The Case For Why Trump Is Not A 'Bully' At Madison Square Garden Campaign Rally,Forbes Breaking News,@onewheelonerod709,2024-10-31T01:14:10Z,2024-10-31T01:14:10Z,0,"If Adam Ray showed up, it would have been even better",https://www.youtube.com/watch?v=BtfMoZ9s8Sc
Dr. Phil Makes The Case For Why Trump Is Not A 'Bully' At Madison Square Garden Campaign Rally,Forbes Breaking News,@sanjuanitacantu9830,2024-10-31T01:13:06Z,2024-10-31T01:13:06Z,0,Winners,https://www.youtube.com/watch?v=BtfMoZ9s8Sc
Dr. Phil Makes The Case For Why Trump Is Not A 'Bully' At Madison Square Garden Campaign Rally,Forbes Breaking News,@pollylong5680,2024-10-31T01:12:12Z,2024-10-31T01:12:12Z,0,Good one‚ù§,https://www.youtube.com/watch?v=BtfMoZ9s8Sc
Dr. Phil Makes The Case For Why Trump Is Not A 'Bully' At Madison Square Garden Campaign Rally,Forbes Breaking News,@benwood7174,2024-10-31T01:11:26Z,2024-10-31T01:12:22Z,0,"Wow, Dr. Phil broke it down<br>When he said 9/12 part i got kinds of teary eyed",https://www.youtube.com/watch?v=BtfMoZ9s8Sc
Dr. Phil Makes The Case For Why Trump Is Not A 'Bully' At Madison Square Garden Campaign Rally,Forbes Breaking News,@shawnbateman79,2024-10-31T01:11:19Z,2024-10-31T01:11:19Z,1,"That&#39;s really hits me hard emotionally. Because I stood up for my beliefs and openly supported Trump I was bullied and exiled from a part of a community That I Used to Be very popular in. Most of the people and the people that have the most power in the community that I used to be a part of our very militant liberal and Biden or Harris supporters. So when I made my opinion public, who and what I stood for, I was viciously attacked and I lost how about a friends and my popularity in that community. I hope we can all take a stand together and help one another and take a stand against close minded bullying and cancel culture.",https://www.youtube.com/watch?v=BtfMoZ9s8Sc
Dr. Phil Makes The Case For Why Trump Is Not A 'Bully' At Madison Square Garden Campaign Rally,Forbes Breaking News,@Bull3tBikes,2024-10-31T01:10:54Z,2024-10-31T01:10:54Z,0,&quot;He is as tough as an old army boot&quot; Yeah an army boot that dodged the draft......,https://www.youtube.com/watch?v=BtfMoZ9s8Sc
Dr. Phil Makes The Case For Why Trump Is Not A 'Bully' At Madison Square Garden Campaign Rally,Forbes Breaking News,@bryceevans8340,2024-10-31T01:10:23Z,2024-10-31T01:10:23Z,0,I watched this in 2x speed bc phil talks way to slow üêå,https://www.youtube.com/watch?v=BtfMoZ9s8Sc
Dr. Phil Makes The Case For Why Trump Is Not A 'Bully' At Madison Square Garden Campaign Rally,Forbes Breaking News,@sheilaahmadi-jp2mh,2024-10-31T01:09:42Z,2024-10-31T01:09:42Z,1,"üåüMr. President Trump, go back to the office and support America<br>And thank you DR phil<br>üåπüåπüåπüåπüåπüåπüåπüåπüåπüåπüåπüåπüåπüåπüåπüåπüåπüåπüåπüåπüåπüåπüåπüåπüåπüåπüåπüåπüåπüåπüåπüåπüåπüåπüåπüåπüåπüåπüåπüåπüåπüåπüåπüåπ",https://www.youtube.com/watch?v=BtfMoZ9s8Sc
Dr. Phil Makes The Case For Why Trump Is Not A 'Bully' At Madison Square Garden Campaign Rally,Forbes Breaking News,@petrovicmotors3775,2024-10-31T01:09:11Z,2024-10-31T01:09:11Z,0,Tell it like it is!,https://www.youtube.com/watch?v=BtfMoZ9s8Sc
Dr. Phil Makes The Case For Why Trump Is Not A 'Bully' At Madison Square Garden Campaign Rally,Forbes Breaking News,@ancientearth2250,2024-10-31T01:08:49Z,2024-10-31T01:08:49Z,0,"We have a great team of people who love America and want to Make America Great Again. Can you imagine, Trump and Elon Musk in the same team? Damn! Talk about freedom and prosperity! I really don&#39;t get the other side. What do they have to offer? Are you better now than 4 years ago? Even Dr. Phill can see it. üòÇI can already see how awesome America will be again.",https://www.youtube.com/watch?v=BtfMoZ9s8Sc
Dr. Phil Makes The Case For Why Trump Is Not A 'Bully' At Madison Square Garden Campaign Rally,Forbes Breaking News,@nicolaskinner4239,2024-10-31T01:08:34Z,2024-10-31T01:08:34Z,0,If you watch Dr phil he is actually a real BULLY <br>You can&#39;t help feeling sorry for his poor victims.<br>This is how he made his money.<br>His ego is bigger the even his pile of money.<br>Will never listen to his pod cast again,https://www.youtube.com/watch?v=BtfMoZ9s8Sc
Dr. Phil Makes The Case For Why Trump Is Not A 'Bully' At Madison Square Garden Campaign Rally,Forbes Breaking News,@bettydehart441,2024-10-31T01:08:19Z,2024-10-31T01:08:19Z,1,AMEN THANK YOU üôåüôåüôåüôèüôèüôè,https://www.youtube.com/watch?v=BtfMoZ9s8Sc
Dr. Phil Makes The Case For Why Trump Is Not A 'Bully' At Madison Square Garden Campaign Rally,Forbes Breaking News,@walkfaster,2024-10-31T01:06:56Z,2024-10-31T01:06:56Z,0,"How can people fall for the mass hysteria and deception surrounding Donald Trump?  How can people be so blind?  This guy was Impeached twice, led a bloody coupe attempt and would have overthrown the US Government in 2021 if successful.  He was convicted of 37 felony counts (a serious and violent offender).  This candidate is an unremorseful, convicted felon.  He denies every single one of the 100+ crimes he has either been accused of or convicted for.  He attacks justice officials and their family members for doing their jobs.  Trump leads a violent cult/mob in America.  Millions of American are colluding with a career criminal!  This is truly a surreal moment in American history!",https://www.youtube.com/watch?v=BtfMoZ9s8Sc
Dr. Phil Makes The Case For Why Trump Is Not A 'Bully' At Madison Square Garden Campaign Rally,Forbes Breaking News,@-SpAcEThUnDeR,2024-10-31T01:06:45Z,2024-10-31T01:06:45Z,0,GREAT DOCüëèüèªüëèüèªüëèüèªüëèüèª,https://www.youtube.com/watch?v=BtfMoZ9s8Sc
Dr. Phil Makes The Case For Why Trump Is Not A 'Bully' At Madison Square Garden Campaign Rally,Forbes Breaking News,@Zeitgeist0,2024-10-31T01:05:09Z,2024-10-31T01:09:46Z,0,"Nationalismus hat noch immer gewirkt.<br><br>But I&#39;ve got to say...even that I disagree with most of what Trump thinks, says and does, I came to the conclusion that Harris is even worse for the states at the moment. That maybe changes once she realizes how bad of an ideology that wokeness actually is. I mean...even nationalism wasn&#39;t that bad in it&#39;s worst times.<br><br>and dr. phil really nailed it. Still some things he said were wrong.<br><br><br>But USAmerica, you&#39;ve got to realize something about your economy, because I keep hearing you yelling about Germany, China and the likes...we applied your economic system, and you lost so many of your jobs and cities like detroit because of your system. So stop blaming others for your mistake and get rid of all of that ideological blinding that&#39;s going on again like in cold war but a lot more worse compared to cold war. And stop making new enemies, which is actually one of trumps bad tactics. he still got good ones though, so no need to feel triggered. His mcdonald stunt was one of his better ones.<br><br>so have a good vote and uhm...stop playing nasty or dirty, there is no need for to lose your authenticity or dignity. If Harris keeps up the way she&#39;s  doing or saying thing, she losing it anyways.<br><br>cheers<br>Zeitgeist - Sapere Aude",https://www.youtube.com/watch?v=BtfMoZ9s8Sc
Dr. Phil Makes The Case For Why Trump Is Not A 'Bully' At Madison Square Garden Campaign Rally,Forbes Breaking News,@brucehill1220,2024-10-31T00:58:16Z,2024-10-31T00:58:16Z,0,This is probably the best speech I have heard in the past 6 years,https://www.youtube.com/watch?v=BtfMoZ9s8Sc
Dr. Phil Makes The Case For Why Trump Is Not A 'Bully' At Madison Square Garden Campaign Rally,Forbes Breaking News,@KarenBorst-hl4cd,2024-10-31T00:57:39Z,2024-10-31T00:57:39Z,0,VOTE for Donald J TRUMP <br>BLESSINGS ALWAYS For Donald J TRUMP <br>Trump  2024<br>GO TRUMP GO <br>GOD IS WITH U<br>AMEN üôè,https://www.youtube.com/watch?v=BtfMoZ9s8Sc
Dr. Phil Makes The Case For Why Trump Is Not A 'Bully' At Madison Square Garden Campaign Rally,Forbes Breaking News,@kayladavis72,2024-10-31T00:57:08Z,2024-10-31T00:57:08Z,0,How is there not an imbalance of power between a billionaire who was a former President? May not be bullying but sure smells like a form oppressionüò¨ but go off,https://www.youtube.com/watch?v=BtfMoZ9s8Sc
Dr. Phil Makes The Case For Why Trump Is Not A 'Bully' At Madison Square Garden Campaign Rally,Forbes Breaking News,@grace52775,2024-10-31T00:57:06Z,2024-10-31T00:57:06Z,1,I suddenly like Dr. Phil.,https://www.youtube.com/watch?v=BtfMoZ9s8Sc
Dr. Phil Makes The Case For Why Trump Is Not A 'Bully' At Madison Square Garden Campaign Rally,Forbes Breaking News,@C.L.190,2024-10-31T00:57:02Z,2024-10-31T00:57:02Z,0,"Ive always loved Dr Phil. He&#39;s always been a conservative but he had to ride the fence when his show was on, and I can respect that. Now he and his hundreds of millions of dollars don&#39;t gaf. Lol",https://www.youtube.com/watch?v=BtfMoZ9s8Sc
Dr. Phil Makes The Case For Why Trump Is Not A 'Bully' At Madison Square Garden Campaign Rally,Forbes Breaking News,@damnD0P3,2024-10-31T00:55:35Z,2024-10-31T00:55:35Z,0,"For all those Dr. P disciples that lost their way watching other daytime shows, be STRONG men",https://www.youtube.com/watch?v=BtfMoZ9s8Sc
Dr. Phil Makes The Case For Why Trump Is Not A 'Bully' At Madison Square Garden Campaign Rally,Forbes Breaking News,@111incogneto,2024-10-31T00:53:39Z,2024-10-31T00:53:39Z,0,I stand with Dr Phil,https://www.youtube.com/watch?v=BtfMoZ9s8Sc
Dr. Phil Makes The Case For Why Trump Is Not A 'Bully' At Madison Square Garden Campaign Rally,Forbes Breaking News,@margieraguet674,2024-10-31T00:52:17Z,2024-10-31T00:52:17Z,0,‚ù§‚ù§‚ù§ well done.,https://www.youtube.com/watch?v=BtfMoZ9s8Sc
Dr. Phil Makes The Case For Why Trump Is Not A 'Bully' At Madison Square Garden Campaign Rally,Forbes Breaking News,@lilolives6098,2024-10-31T00:50:40Z,2024-10-31T00:50:40Z,0,God Bless Dr Phil ‚ù§,https://www.youtube.com/watch?v=BtfMoZ9s8Sc
Dr. Phil Makes The Case For Why Trump Is Not A 'Bully' At Madison Square Garden Campaign Rally,Forbes Breaking News,@patriciamckinney3266,2024-10-31T00:49:19Z,2024-10-31T00:49:19Z,0,Amen,https://www.youtube.com/watch?v=BtfMoZ9s8Sc
Dr. Phil Makes The Case For Why Trump Is Not A 'Bully' At Madison Square Garden Campaign Rally,Forbes Breaking News,@RobinMoffitt-u3m,2024-10-31T00:48:58Z,2024-10-31T00:48:58Z,1,I wonder how Oprah feel about thisüòÇüòÇüòÇ,https://www.youtube.com/watch?v=BtfMoZ9s8Sc
Dr. Phil Makes The Case For Why Trump Is Not A 'Bully' At Madison Square Garden Campaign Rally,Forbes Breaking News,@jacentdavis5150,2024-10-31T00:48:45Z,2024-10-31T00:48:45Z,0,Dr. Phil 2028,https://www.youtube.com/watch?v=BtfMoZ9s8Sc
Dr. Phil Makes The Case For Why Trump Is Not A 'Bully' At Madison Square Garden Campaign Rally,Forbes Breaking News,@lindamorgan8182,2024-10-31T00:48:27Z,2024-10-31T00:48:27Z,0,"Thank you, Dr. PHIL!! Trump 2024",https://www.youtube.com/watch?v=BtfMoZ9s8Sc
Dr. Phil Makes The Case For Why Trump Is Not A 'Bully' At Madison Square Garden Campaign Rally,Forbes Breaking News,@brandonm1965,2024-10-31T00:48:22Z,2024-10-31T00:48:22Z,0,Man I thought he was Oprahs best friend. This is surprising! Good on you Dr. Phil.,https://www.youtube.com/watch?v=BtfMoZ9s8Sc
Dr. Phil Makes The Case For Why Trump Is Not A 'Bully' At Madison Square Garden Campaign Rally,Forbes Breaking News,@AliceWonderland-c3n,2024-10-31T00:48:00Z,2024-10-31T00:48:00Z,0,"I wish we could do a million likes here!<a href=""UCkszU2WH9gy1mb0dV-11UJg/G8AfY6yWGuKuhL0PlbiA2AE""></a>‚ù§‚ù§‚Äçü©πüß°üíõüíöüíôüíúü§éüñ§ü§çüíØ",https://www.youtube.com/watch?v=BtfMoZ9s8Sc
Dr. Phil Makes The Case For Why Trump Is Not A 'Bully' At Madison Square Garden Campaign Rally,Forbes Breaking News,@DennisLorentz-lz8vy,2024-10-31T00:47:37Z,2024-10-31T00:47:37Z,0,"I honestly have no idea why Dr. Phil was there,did he have any intetactions with Trump before? And,to be honest,I don&#39;t think that he even deserves to be there,I don&#39;t like Dr. Phil,never did. He&#39;s just some quack docter that had used people&#39;s personal problems for profit.",https://www.youtube.com/watch?v=BtfMoZ9s8Sc
Dr. Phil Makes The Case For Why Trump Is Not A 'Bully' At Madison Square Garden Campaign Rally,Forbes Breaking News,@survidmt,2024-10-31T00:45:03Z,2024-10-31T00:45:03Z,0,Yes stop the singular and broad censorship. Without our ability to speak we are not America.,https://www.youtube.com/watch?v=BtfMoZ9s8Sc
Dr. Phil Makes The Case For Why Trump Is Not A 'Bully' At Madison Square Garden Campaign Rally,Forbes Breaking News,@tracimerrill3532,2024-10-31T00:44:57Z,2024-10-31T00:44:57Z,1,I&#39;ve always loved Dr. Phil and thank him for standing up for America and President Trump!,https://www.youtube.com/watch?v=BtfMoZ9s8Sc
Dr. Phil Makes The Case For Why Trump Is Not A 'Bully' At Madison Square Garden Campaign Rally,Forbes Breaking News,@patypierceyachechak627,2024-10-31T00:44:21Z,2024-10-31T00:44:21Z,0,THANK YOU DR PHIL Y‚ù§U ARE THE very üëå,https://www.youtube.com/watch?v=BtfMoZ9s8Sc
Dr. Phil Makes The Case For Why Trump Is Not A 'Bully' At Madison Square Garden Campaign Rally,Forbes Breaking News,@bige3453,2024-10-31T00:44:04Z,2024-10-31T00:44:04Z,0,You are the mediaüòÖ,https://www.youtube.com/watch?v=BtfMoZ9s8Sc
Dr. Phil Makes The Case For Why Trump Is Not A 'Bully' At Madison Square Garden Campaign Rally,Forbes Breaking News,@featherbabymom5706,2024-10-31T00:42:35Z,2024-10-31T00:42:35Z,0,I have been a fan of Dr. Phil McGraw for decades!,https://www.youtube.com/watch?v=BtfMoZ9s8Sc
Dr. Phil Makes The Case For Why Trump Is Not A 'Bully' At Madison Square Garden Campaign Rally,Forbes Breaking News,@mlang1390,2024-10-31T00:42:06Z,2024-10-31T00:42:06Z,0,well I wont be watching his show any more I always thought he was smarter then this,https://www.youtube.com/watch?v=BtfMoZ9s8Sc
Dr. Phil Makes The Case For Why Trump Is Not A 'Bully' At Madison Square Garden Campaign Rally,Forbes Breaking News,@SoniaGarcia-up4tm,2024-10-31T00:40:45Z,2024-10-31T00:40:45Z,0,Dr. Phil said it üéâ my respect for this brave man.,https://www.youtube.com/watch?v=BtfMoZ9s8Sc
